Number of clicks on similar products;Number of similar products purchased so far;Average rating given to similar products;Gender;Median purchasing price (in rupees);Rating of the product;Brand of the product;Customer review sentiment score (overall);Price of the product;Holiday;Season;Geographical locations;Probability for the product to be recommended to the person
12;4;04.Лют;male;500;04.Тра;PUMA;0.8;200;No;winter;plains;0.9
8;2;03.Сер;female;3000;03.Лют;Lee;-0.4;300;Yes;monsoon;mountains;0.2
25;10;04.Тра;female;600;04.Сер;Head Hunters;0.6;1000;No;spring;plains;0.7
6;1;02.Січ;female;100;02.Тра;Johnson & Johnson;0.1;300;No;summer;coastal;0.1
18;5;04.Лип;male;2000;04.Бер;Wakefit;0.9;700;Yes;winter;plains;0.8
0;0;0;male;1000;0.0;Dabur Chyawanprash;-0.7;1000;No;winter;mountains;0.0
38;15;04.Вер;female;700;04.Вер;Manyavar Mohey;0.95;700;No;summer;plains;1.0
7;3;03.Кві;male;5000;03.Лип;Pepperfry;0.2;900;No;winter;coastal;0.3
4;0;01.Тра;male;900;01.Сер;Lee Cooper;-0.3;400;No;monsoon;mountains;0.05
10;4;03.Вер;female;300;04.Січ;Libram;0.7;200;Yes;spring;plains;0.6
42;18;04.Чер;male;300;04.Лип;Flying Machine;0.85;600;No;summer;plains;0.95
20;8;04.Бер;female;1000;04.Кві;SleepyCat;0.75;1000;Yes;summer;coastal;0.85
5;2;02.Сер;male;8000;3.0;Streax;-0.5;500;Yes;summer;plains;0.1
31;12;04.Сер;female;400;04.Чер;Lakme Ayurveda;0.85;600;No;winter;plains;0.9
2;1;2.0;male;4000;02.Лют;Forest Essentials;-0.2;200;Yes;summer;mountains;0.05
17;7;04.Січ;female;900;04.Лют;Dove Hair;0.8;100;Yes;winter;plains;0.7
14;6;03.Чер;male;200;03.Кві;Pepe Jeans London;0.3;900;No;summer;plains;0.4
9;3;03.Бер;female;2000;03.Тра;The Moms Co.;0.4;800;No;winter;plains;0.5
23;9;4.0;male;6000;04.Лют;Himalaya Liv.52;0.9;600;Yes;winter;mountains;0.9
3;1;01.Лип;male;500;2.0;Wildcraft;-0.1;700;No;monsoon;mountains;0.05
28;11;04.Тра;female;7000;04.Тра;Godrej Interio;0.9;10000;Yes;winter;mountains;1.0
16;6;03.Лип;male;700;03.Сер;Patanjali Ayurved (Health Care);0.6;300;No;monsoon;mountains;0.6
11;5;04.Лют;female;100;04.Бер;Lijoba;0.85;200;Yes;spring;plains;0.8
36;14;04.Лип;male;100;04.Чер;Moov;0.7;900;No;summer;plains;0.85
19;8;04.Кві;female;4000;04.Тра;Kama Ayurveda;0.8;800;No;summer;coastal;0.9
22;9;04.Чер;female;3000;04.Лип;Urban Ladder;0.85;800;No;winter;plains;0.9
13;5;03.Тра;male;800;03.Чер;Allen Solly Woman;0.6;400;Yes;winter;plains;0.7
8;3;02.Вер;female;200;3.0;Lee Cooper;0.1;300;No;summer;mountains;0.05
27;11;04.Кві;male;1000;04.Тра;SleepyCat;0.8;1000;Yes;winter;coastal;0.85
6;2;02.Тра;male;5000;02.Лип;Moov;-0.3;500;No;summer;mountains;0.1
39;16;04.Сер;female;2000;04.Сер;Wildcraft;0.9;800;No;summer;plains;0.95
4;1;01.Сер;female;900;2.0;Johnson & Johnson;-0.2;400;No;monsoon;coastal;0.05
19;7;04.Лют;male;700;04.Бер;PUMA;0.7;200;No;winter;plains;0.8
9;4;03.Січ;female;6000;03.Бер;Pepperfry;0.3;900;Yes;winter;coastal;0.4
32;13;04.Лип;male;100;04.Сер;Manyavar Mohey;0.9;700;No;summer;plains;0.9
14;6;03.Чер;female;500;03.Сер;Max;0.5;300;No;winter;plains;0.6
7;2;02.Бер;male;2000;02.Тра;Wakefit;-0.1;700;Yes;summer;mountains;0.05
18;8;4.0;male;300;04.Лют;Lakme Ayurveda;0.8;100;No;winter;plains;0.9
23;10;04.Тра;female;4000;04.Чер;Streax;0.9;100;Yes;summer;coastal;1.0
11;3;02.Сер;male;600;3.0;Flying Machine;0.2;400;No;monsoon;mountains;0.1
26;11;04.Лют;female;100;04.Кві;Lee;0.8;300;No;winter;plains;0.9
17;7;03.Вер;male;5000;4.0;Head & Shoulders;0.7;900;Yes;winter;plains;0.8
12;5;03.Лют;female;2000;03.Бер;Fastrack;0.4;600;Yes;winter;plains;0.5
5;1;01.Вер;male;900;2.0;Sugar Cosmetics;-0.3;400;No;monsoon;mountains;0.05
31;12;04.Бер;female;7000;04.Тра;Manyavar Mohey;0.9;10000;Yes;winter;mountains;1.0
10;4;3.0;male;300;03.Лют;Kama Ayurveda;0.1;100;No;summer;coastal;0.1
20;9;04.Бер;female;600;04.Тра;Johnson & Johnson;0.7;200;No;winter;plains;0.8
16;6;03.Лип;male;4000;03.Сер;Pepperfry;0.6;800;Yes;summer;mountains;0.8
29;12;04.Чер;female;500;04.Лип;Parachute;0.9;700;No;winter;plains;0.95
24;10;04.Кві;male;200;04.Тра;Lee Cooper;0.8;300;No;summer;mountains;0.9
8;3;03.Лют;female;4000;03.Кві;Wildcraft;0.4;900;Yes;winter;plains;0.5
21;9;04.Січ;male;500;04.Бер;Sugar Cosmetics;0.8;200;No;summer;coastal;0.9
5;2;02.Чер;male;700;02.Сер;Lakme Ayurveda;-0.2;500;No;winter;plains;0.05
17;7;03.Вер;female;3000;4.0;Max;0.7;600;Yes;summer;plains;0.8
11;4;03.Січ;male;200;03.Лют;Lijoba;0.1;100;No;monsoon;plains;0.1
28;13;04.Тра;female;2000;04.Чер;Godrej Interio;0.85;1000;No;winter;plains;0.9
13;5;03.Кві;male;8000;03.Тра;SleepyCat;0.7;900;No;summer;coastal;0.8
9;4;02.Вер;female;4000;3.0;Dettol;-0.2;500;Yes;winter;plains;0.05
36;15;04.Лип;male;300;04.Сер;Moov;0.9;800;No;summer;plains;1.0
7;2;02.Тра;female;1000;02.Лип;The Moms Co.;0.0;200;Yes;summer;coastal;0.1
20;8;04.Бер;male;500;04.Тра;Max;0.8;300;No;winter;plains;0.9
14;6;03.Тра;female;6000;03.Лип;Lakme Ayurveda;0.5;800;Yes;winter;plains;0.6
33;14;04.Сер;male;200;04.Вер;Pepe Jeans London;0.9;700;No;summer;mountains;1.0
6;2;02.Лип;female;100;02.Сер;Wakefit;-0.1;700;Yes;summer;coastal;0.05
19;8;04.Лют;male;3000;04.Бер;Manyavar Mohey;0.8;1000;No;winter;plains;0.9
10;3;02.Сер;female;900;3.0;Johnson & Johnson;0.1;400;No;summer;plains;0.1
25;11;04.Кві;male;8000;04.Тра;Wildcraft;0.85;900;No;summer;mountains;0.9
15;6;03.Чер;female;200;03.Сер;Lee;-0.3;500;Yes;monsoon;plains;0.05
29;12;04.Чер;male;6000;04.Лип;Pepperfry;0.9;800;No;winter;mountains;1.0
22;9;04.Тра;female;400;04.Чер;Head Hunters;0.85;300;No;summer;plains;0.9
12;5;3.0;male;3000;03.Січ;Urban Ladder;0.2;1000;Yes;winter;plains;0.2
16;7;03.Сер;female;800;4.0;Lee;0.7;200;No;winter;plains;0.8
31;14;04.Вер;male;1000;5.0;Manyavar Mohey;0.9;700;No;summer;plains;1.0
4;1;01.Лип;female;6000;01.Сер;Dettol;-0.3;500;Yes;summer;plains;0.05
26;11;04.Бер;male;200;04.Кві;Libram;0.8;300;No;winter;plains;0.9
16;7;03.Вер;female;7000;4.0;Flying Machine;0.7;900;No;winter;plains;0.8
8;3;03.Бер;male;1000;03.Кві;Max;0.3;200;No;summer;coastal;0.3
27;12;04.Лип;female;200;04.Сер;Patanjali Ayurved (Health Care);0.9;700;No;winter;plains;1.0
13;6;03.Чер;male;900;03.Сер;Streax;0.5;400;Yes;winter;plains;0.6
7;2;02.Кві;female;4000;02.Чер;Wildcraft;-0.1;500;No;summer;mountains;0.05
20;9;04.Кві;male;100;04.Тра;Moov;0.85;800;Yes;winter;plains;0.9
32;15;04.Сер;female;6000;04.Вер;Forest Essentials;0.9;900;No;winter;mountains;1.0
11;4;03.Січ;male;300;03.Лют;PUMA;0.1;400;No;summer;plains;0.1
24;11;04.Бер;female;500;04.Тра;Wildcraft;0.8;300;No;summer;plains;0.9
10;3;02.Лип;male;1000;02.Вер;Lee;0.1;100;No;monsoon;plains;0.1
35;16;04.Вер;female;800;5.0;Lee Cooper;0.9;700;No;winter;mountains;1.0
6;2;02.Сер;female;4000;3.0;Manyavar Mohey;0.0;500;Yes;summer;plains;0.1
19;8;04.Бер;male;200;04.Тра;Pepe Jeans London;0.8;900;No;winter;plains;0.9
9;4;3.0;female;6000;03.Січ;Head Hunters;0.2;1000;Yes;winter;plains;0.2
28;13;04.Чер;male;500;04.Лип;SleepyCat;0.9;800;No;summer;coastal;1.0
14;7;03.Лип;female;2000;03.Сер;Johnson & Johnson;0.6;200;No;summer;plains;0.7
23;10;04.Тра;male;900;04.Чер;Wakefit;0.85;300;No;winter;plains;0.9
12;5;03.Лют;female;700;03.Кві;Manyavar Mohey;0.1;400;No;summer;plains;0.1
25;11;04.Кві;male;3000;04.Тра;AmazonBasics;0.8;500;Yes;winter;plains;0.9
15;6;03.Тра;female;400;03.Лип;Lakme Ayurveda;0.5;600;Yes;winter;plains;0.6
30;14;04.Лип;male;1000;04.Сер;Moov;0.9;700;No;summer;plains;1.0
5;2;02.Тра;female;2000;02.Чер;Head & Shoulders;-0.1;500;Yes;winter;plains;0.05
21;9;04.Лют;male;6000;04.Кві;Flying Machine;0.8;900;No;winter;mountains;0.9
17;7;03.Сер;female;500;4.0;Kama Ayurveda;0.7;200;No;summer;coastal;0.8
36;16;04.Сер;male;100;04.Вер;U.S. Polo Assn. Women;0.9;700;No;winter;plains;1.0
9;4;03.Бер;female;100;03.Кві;Dettol;0.3;200;No;summer;plains;0.3
26;12;04.Тра;male;3000;04.Лип;Lee;0.85;500;Yes;winter;mountains;0.9
14;7;03.Сер;female;2000;4.0;SleepyCat;0.6;600;Yes;winter;plains;0.7
7;2;02.Лип;female;5000;02.Вер;Flying Machine;-0.1;500;Yes;summer;plains;0.05
31;14;04.Лип;male;600;04.Сер;Pepe Jeans London;0.9;700;No;winter;plains;1.0
16;7;03.Лип;female;300;03.Вер;Lee Cooper;0.7;200;No;summer;coastal;0.8
8;3;03.Січ;male;400;03.Лют;Lakme Ayurveda;0.1;300;No;summer;plains;0.1
23;10;04.Бер;female;7000;04.Кві;Wildcraft;0.8;900;Yes;winter;mountains;0.9
11;5;03.Лют;male;1000;03.Кві;Manyavar Mohey;0.2;100;No;summer;plains;0.2
28;13;04.Сер;female;400;04.Вер;Pepperfry;0.9;700;No;winter;plains;1.0
17;8;03.Вер;male;500;04.Січ;Kama Ayurveda;0.8;200;No;summer;coastal;0.9
12;6;03.Кві;female;2000;03.Чер;Lee;0.5;400;Yes;summer;plains;0.6
6;2;02.Чер;male;6000;02.Сер;Wildcraft;-0.1;500;Yes;summer;plains;0.05
21;10;04.Кві;female;300;04.Тра;Manyavar Mohey;0.8;600;No;winter;plains;0.9
10;4;3.0;male;700;03.Січ;Lee;-0.1;100;No;monsoon;plains;0.05
35;16;04.Сер;female;5000;04.Вер;Johnson & Johnson;0.9;800;Yes;winter;plains;1.0
20;9;04.Лют;male;800;04.Бер;Streax;0.7;300;No;winter;plains;0.8
13;6;03.Тра;female;1000;03.Лип;Pepe Jeans London;0.4;500;Yes;winter;plains;0.5
29;14;04.Лип;male;2000;04.Сер;Manyavar Mohey;0.9;900;No;winter;mountains;1.0
15;7;03.Сер;female;400;4.0;Max;0.6;200;No;summer;plains;0.7
30;15;04.Вер;male;600;5.0;Wildcraft;0.9;700;No;winter;plains;1.0
24;11;04.Чер;female;2000;04.Лип;SleepyCat;0.9;800;No;summer;plains;1.0
18;8;4.0;male;300;04.Січ;PUMA;0.7;200;No;winter;plains;0.8
32;15;04.Сер;female;800;04.Вер;Forest Essentials;0.9;700;No;winter;mountains;1.0
5;2;02.Тра;male;5000;02.Лип;Head & Shoulders;-0.1;500;Yes;winter;plains;0.05
18;8;04.Січ;female;7000;04.Лют;Flying Machine;0.8;900;No;winter;plains;0.9
14;7;03.Сер;male;300;4.0;Pepperfry;0.6;200;No;summer;coastal;0.7
7;3;3.0;female;400;03.Січ;Patanjali Ayurved (Health Care);0.1;300;No;summer;plains;0.1
23;11;04.Бер;male;800;04.Тра;Manyavar Mohey;0.7;400;No;summer;plains;0.8
12;6;03.Бер;female;2000;03.Тра;Wildcraft;0.5;500;Yes;winter;mountains;0.6
27;13;04.Чер;male;1000;04.Лип;Moov;0.9;800;No;summer;plains;1.0
10;5;03.Січ;female;5000;03.Лют;Lakme Ayurveda;0.0;600;Yes;summer;coastal;0.1
36;17;04.Сер;male;200;04.Вер;Lee Cooper;0.9;700;No;winter;plains;1.0
16;8;03.Сер;female;900;4.0;Johnson & Johnson;0.7;200;No;summer;plains;0.8
8;4;03.Лют;male;3000;03.Кві;Fastrack;0.2;400;No;winter;plains;0.3
31;15;04.Лип;female;600;04.Сер;Wildcraft;0.9;700;No;winter;plains;1.0
20;10;04.Бер;male;1000;04.Кві;Lee;0.8;300;No;summer;plains;0.9
11;5;03.Лют;female;4000;03.Кві;Patanjali Ayurved (Health Care);0.1;500;Yes;winter;plains;0.2
28;14;04.Лип;male;200;04.Сер;Pepe Jeans London;0.9;800;No;winter;mountains;1.0
15;8;03.Вер;female;500;04.Січ;Manyavar Mohey;0.7;200;No;summer;plains;0.8
9;4;02.Вер;male;3000;03.Січ;Pepperfry;0.0;600;Yes;summer;mountains;0.1
24;12;04.Тра;female;900;04.Чер;Flying Machine;0.8;300;No;winter;plains;0.9
13;7;03.Лип;male;100;03.Сер;Sugar Cosmetics;0.6;200;No;summer;coastal;0.7
6;3;02.Вер;female;6000;03.Січ;Wildcraft;0.0;500;Yes;winter;plains;0.1
21;11;04.Кві;male;500;04.Чер;Urban Ladder;0.7;400;No;summer;plains;0.8
32;16;04.Сер;female;2000;04.Вер;Lakme Ayurveda;0.9;700;No;winter;plains;1.0
17;9;04.Січ;male;400;04.Лют;Head Hunters;0.8;200;No;summer;coastal;0.9
25;13;04.Чер;female;300;04.Лип;Manyavar Mohey;0.9;800;No;winter;plains;1.0
19;9;04.Лют;male;200;04.Бер;Pepe Jeans London;0.8;300;No;summer;plains;0.9
34;17;04.Вер;female;7000;5.0;Wakefit;0.9;900;Yes;winter;mountains;1.0
22;11;04.Тра;male;1000;04.Лип;Wildcraft;0.8;400;No;winter;plains;0.9
16;8;03.Сер;female;400;4.0;Johnson & Johnson;0.7;200;No;summer;plains;0.8
10;5;03.Січ;male;5000;03.Лют;Lakme Ayurveda;0.0;600;Yes;summer;coastal;0.1
27;13;04.Чер;male;1000;04.Сер;Pepperfry;0.9;800;No;summer;plains;1.0
7;3;02.Вер;female;4000;03.Січ;Forest Essentials;0.0;500;Yes;winter;plains;0.1
23;11;04.Кві;male;800;04.Чер;Manyavar Mohey;0.7;400;No;summer;plains;0.8
12;6;03.Бер;female;2000;03.Тра;Wildcraft;0.5;500;Yes;winter;mountains;0.6
28;14;04.Лип;male;100;04.Сер;Pepe Jeans London;0.9;800;No;winter;mountains;1.0
16;8;03.Сер;female;900;4.0;Johnson & Johnson;0.7;200;No;summer;plains;0.8
8;4;03.Лют;male;3000;03.Кві;Fastrack;0.2;400;No;winter;plains;0.3
31;15;04.Лип;female;600;04.Сер;Wildcraft;0.9;700;No;winter;plains;1.0
20;10;04.Бер;male;1000;04.Кві;Lee;0.8;300;No;summer;plains;0.9
11;5;03.Лют;female;4000;03.Кві;Patanjali Ayurved (Health Care);0.1;500;Yes;winter;plains;0.2
28;14;04.Лип;male;200;04.Сер;Pepe Jeans London;0.9;800;No;winter;mountains;1.0
9;4;02.Вер;male;3000;03.Січ;Wildcraft;0.0;600;Yes;winter;plains;0.1
24;12;04.Тра;female;900;04.Чер;Flying Machine;0.8;300;No;winter;plains;0.9
13;7;03.Лип;male;100;03.Сер;Sugar Cosmetics;0.6;200;No;summer;coastal;0.7
6;3;02.Вер;female;6000;03.Січ;Wildcraft;0.0;500;Yes;winter;plains;0.1
21;11;04.Кві;male;500;04.Чер;Urban Ladder;0.7;400;No;summer;plains;0.8
32;16;04.Сер;female;2000;04.Вер;Lakme Ayurveda;0.9;700;No;winter;plains;1.0
17;9;04.Січ;male;400;04.Лют;Head Hunters;0.8;200;No;summer;coastal;0.9
25;13;04.Чер;female;300;04.Лип;Manyavar Mohey;0.9;800;No;winter;plains;1.0
19;9;04.Лют;male;200;04.Бер;Pepe Jeans London;0.8;300;No;summer;plains;0.9
34;17;04.Вер;female;7000;5.0;Wakefit;0.9;900;Yes;winter;mountains;1.0
22;11;04.Тра;male;1000;04.Лип;Wildcraft;0.8;400;No;winter;plains;0.9
16;8;03.Сер;female;400;4.0;Johnson & Johnson;0.7;200;No;summer;plains;0.8
10;5;03.Січ;male;5000;03.Лют;Lakme Ayurveda;0.0;600;Yes;summer;coastal;0.1
27;13;04.Чер;male;1000;04.Сер;Pepperfry;0.9;800;No;summer;plains;1.0
7;3;02.Вер;female;4000;03.Січ;Forest Essentials;0.0;500;Yes;winter;plains;0.1
23;11;04.Кві;male;800;04.Чер;Manyavar Mohey;0.7;400;No;summer;plains;0.8
12;6;03.Бер;female;2000;03.Тра;Wildcraft;0.5;500;Yes;winter;mountains;0.6
28;14;04.Лип;male;100;04.Сер;Pepe Jeans London;0.9;800;No;winter;mountains;1.0
16;8;03.Сер;female;900;4.0;Johnson & Johnson;0.7;200;No;summer;plains;0.8
8;4;03.Лют;male;3000;03.Кві;Fastrack;0.2;400;No;winter;plains;0.3
31;15;04.Лип;female;600;04.Сер;Wildcraft;0.9;700;No;winter;plains;1.0
20;10;04.Бер;male;1000;04.Кві;Lee;0.8;300;No;summer;plains;0.9
11;5;03.Лют;female;4000;03.Кві;Patanjali Ayurved (Health Care);0.1;500;Yes;winter;plains;0.2
28;14;04.Лип;male;200;04.Сер;Pepe Jeans London;0.9;800;No;winter;mountains;1.0
15;8;03.Вер;female;500;04.Січ;Manyavar Mohey;0.7;200;No;summer;plains;0.8
9;4;02.Вер;male;3000;03.Січ;Wildcraft;0.0;600;Yes;winter;plains;0.1
24;12;04.Тра;female;900;04.Чер;Flying Machine;0.8;300;No;winter;plains;0.9
13;7;03.Лип;male;100;03.Сер;Sugar Cosmetics;0.6;200;No;summer;coastal;0.7
6;3;02.Вер;female;6000;03.Січ;Wildcraft;0.0;500;Yes;winter;plains;0.1
21;11;04.Кві;male;500;04.Чер;Urban Ladder;0.7;400;No;summer;plains;0.8
32;16;04.Сер;female;2000;04.Вер;Lakme Ayurveda;0.9;700;No;winter;plains;1.0
17;9;04.Січ;male;400;04.Лют;Head Hunters;0.8;200;No;summer;coastal;0.9
25;13;04.Чер;female;300;04.Лип;Manyavar Mohey;0.9;800;No;winter;plains;1.0
19;9;04.Лют;male;200;04.Бер;Pepe Jeans London;0.8;300;No;summer;plains;0.9
34;17;04.Вер;female;7000;5.0;Wakefit;0.9;900;Yes;winter;mountains;1.0
22;11;04.Тра;male;1000;04.Лип;Wildcraft;0.8;400;No;winter;plains;0.9
16;8;03.Сер;female;400;4.0;Johnson & Johnson;0.7;200;No;summer;plains;0.8
10;5;03.Січ;male;5000;03.Лют;Lakme Ayurveda;0.0;600;Yes;summer;coastal;0.1
27;13;04.Чер;male;1000;04.Сер;Pepperfry;0.9;800;No;summer;plains;1.0
7;3;02.Вер;female;4000;03.Січ;Forest Essentials;0.0;500;Yes;winter;plains;0.1
23;11;04.Кві;male;800;04.Чер;Manyavar Mohey;0.7;400;No;summer;plains;0.8
12;6;03.Бер;female;2000;03.Тра;Wildcraft;0.5;500;Yes;winter;mountains;0.6
28;14;04.Лип;male;100;04.Сер;Pepe Jeans London;0.9;800;No;winter;mountains;1.0
16;8;03.Сер;female;900;4.0;Johnson & Johnson;0.7;200;No;summer;plains;0.8
8;4;03.Лют;male;3000;03.Кві;Fastrack;0.2;400;No;winter;plains;0.3
31;15;04.Лип;female;600;04.Сер;Wildcraft;0.9;700;No;winter;plains;1.0
20;10;04.Бер;male;1000;04.Кві;Lee;0.8;300;No;summer;plains;0.9
11;5;03.Лют;female;4000;03.Кві;Patanjali Ayurved (Health Care);0.1;500;Yes;winter;plains;0.2
28;14;04.Лип;male;200;04.Сер;Pepe Jeans London;0.9;800;No;winter;mountains;1.0
15;8;03.Вер;female;500;04.Січ;Manyavar Mohey;0.7;200;No;summer;plains;0.8
9;4;02.Вер;male;3000;03.Січ;Wildcraft;0.0;600;Yes;winter;plains;0.1
24;12;04.Тра;female;900;04.Чер;Flying Machine;0.8;300;No;winter;plains;0.9
13;7;03.Лип;male;100;03.Сер;Sugar Cosmetics;0.6;200;No;summer;coastal;0.7
6;3;02.Вер;female;6000;03.Січ;Wildcraft;0.0;500;Yes;winter;plains;0.1
21;11;04.Кві;male;500;04.Чер;Urban Ladder;0.7;400;No;summer;plains;0.8
32;16;04.Сер;female;2000;04.Вер;Lakme Ayurveda;0.9;700;No;winter;plains;1.0
17;9;04.Січ;male;400;04.Лют;Head Hunters;0.8;200;No;summer;coastal;0.9
25;13;04.Чер;female;300;04.Лип;Manyavar Mohey;0.9;800;No;winter;plains;1.0
19;9;04.Лют;male;200;04.Бер;Pepe Jeans London;0.8;300;No;summer;plains;0.9
34;17;04.Вер;female;7000;5.0;Wakefit;0.9;900;Yes;winter;mountains;1.0
22;11;04.Тра;male;1000;04.Лип;Wildcraft;0.8;400;No;winter;plains;0.9
16;8;03.Сер;female;400;4.0;Johnson & Johnson;0.7;200;No;summer;plains;0.8
10;5;03.Січ;male;5000;03.Лют;Lakme Ayurveda;0.0;600;Yes;summer;coastal;0.1
27;13;04.Чер;male;1000;04.Сер;Pepperfry;0.9;800;No;summer;plains;1.0
7;3;02.Вер;female;4000;03.Січ;Forest Essentials;0.0;500;Yes;winter;plains;0.1
23;11;04.Кві;male;800;04.Чер;Manyavar Mohey;0.7;400;No;summer;plains;0.8
12;6;03.Бер;female;2000;03.Тра;Wildcraft;0.5;500;Yes;winter;mountains;0.6
28;14;04.Лип;male;100;04.Сер;Pepe Jeans London;0.9;800;No;winter;mountains;1.0
16;8;03.Сер;female;900;4.0;Johnson & Johnson;0.7;200;No;summer;plains;0.8
8;4;03.Лют;male;3000;03.Кві;Fastrack;0.2;400;No;winter;plains;0.3
31;15;04.Лип;female;600;04.Сер;Wildcraft;0.9;700;No;winter;plains;1.0
20;10;04.Бер;male;1000;04.Кві;Lee;0.8;300;No;summer;plains;0.9
11;5;03.Лют;female;4000;03.Кві;Patanjali Ayurved (Health Care);0.1;500;Yes;winter;plains;0.2
28;14;04.Лип;male;200;04.Сер;Pepe Jeans London;0.9;800;No;winter;mountains;1.0
15;8;03.Вер;female;500;04.Січ;Manyavar Mohey;0.7;200;No;summer;plains;0.8
9;4;02.Вер;male;3000;03.Січ;Wildcraft;0.0;600;Yes;winter;plains;0.1
24;12;04.Тра;female;900;04.Чер;Flying Machine;0.8;300;No;winter;plains;0.9
13;7;03.Лип;male;100;03.Сер;Sugar Cosmetics;0.6;200;No;summer;coastal;0.7
6;3;02.Вер;female;6000;03.Січ;Wildcraft;0.0;500;Yes;winter;plains;0.1
21;11;04.Кві;male;500;04.Чер;Urban Ladder;0.7;400;No;summer;plains;0.8
32;16;04.Сер;female;2000;04.Вер;Lakme Ayurveda;0.9;700;No;winter;plains;1.0
17;9;04.Січ;male;400;04.Лют;Head Hunters;0.8;200;No;summer;coastal;0.9
25;13;04.Чер;female;300;04.Лип;Manyavar Mohey;0.9;800;No;winter;plains;1.0
19;9;04.Лют;male;200;04.Бер;Pepe Jeans London;0.8;300;No;summer;plains;0.9
34;17;04.Вер;female;7000;5.0;Wakefit;0.9;900;Yes;winter;mountains;1.0
22;11;04.Тра;male;1000;04.Лип;Wildcraft;0.8;400;No;winter;plains;0.9
16;8;03.Сер;female;400;4.0;Johnson & Johnson;0.7;200;No;summer;plains;0.8
10;5;03.Січ;male;5000;03.Лют;Lakme Ayurveda;0.0;600;Yes;summer;coastal;0.1
27;13;04.Чер;male;1000;04.Сер;Pepperfry;0.9;800;No;summer;plains;1.0
7;3;02.Вер;female;4000;03.Січ;Forest Essentials;0.0;500;Yes;winter;plains;0.1
23;11;04.Кві;male;800;04.Чер;Manyavar Mohey;0.7;400;No;summer;plains;0.8
12;6;03.Бер;female;2000;03.Тра;Wildcraft;0.5;500;Yes;winter;mountains;0.6
28;14;04.Лип;male;100;04.Сер;Pepe Jeans London;0.9;800;No;winter;mountains;1.0
16;8;03.Сер;female;900;4.0;Johnson & Johnson;0.7;200;No;summer;plains;0.8
8;4;03.Лют;male;3000;03.Кві;Fastrack;0.2;400;No;winter;plains;0.3
31;15;04.Лип;female;600;04.Сер;Wildcraft;0.9;700;No;winter;plains;1.0
20;10;04.Бер;male;1000;04.Кві;Lee;0.8;300;No;summer;plains;0.9
11;5;03.Лют;female;4000;03.Кві;Patanjali Ayurved (Health Care);0.1;500;Yes;winter;plains;0.2
28;14;04.Лип;male;200;04.Сер;Pepe Jeans London;0.9;800;No;winter;mountains;1.0
15;8;03.Вер;female;500;04.Січ;Manyavar Mohey;0.7;200;No;summer;plains;0.8
9;4;02.Вер;male;3000;03.Січ;Wildcraft;0.0;600;Yes;winter;plains;0.1
24;12;04.Тра;female;900;04.Чер;Flying Machine;0.8;300;No;winter;plains;0.9
13;7;03.Лип;male;100;03.Сер;Sugar Cosmetics;0.6;200;No;summer;coastal;0.7
6;3;02.Вер;female;6000;03.Січ;Wildcraft;0.0;500;Yes;winter;plains;0.1
21;11;04.Кві;male;500;04.Чер;Urban Ladder;0.7;400;No;summer;plains;0.8
32;16;04.Сер;female;2000;04.Вер;Lakme Ayurveda;0.9;700;No;winter;plains;1.0
17;9;04.Січ;male;400;04.Лют;Head Hunters;0.8;200;No;summer;coastal;0.9
25;13;04.Чер;female;300;04.Лип;Manyavar Mohey;0.9;800;No;winter;plains;1.0
19;9;04.Лют;male;200;04.Бер;Pepe Jeans London;0.8;300;No;summer;plains;0.9
34;17;04.Вер;female;7000;5.0;Wakefit;0.9;900;Yes;winter;mountains;1.0
22;11;04.Тра;male;1000;04.Лип;Wildcraft;0.8;400;No;winter;plains;0.9
16;8;03.Сер;female;400;4.0;Johnson & Johnson;0.7;200;No;summer;plains;0.8
10;5;03.Січ;male;5000;03.Лют;Lakme Ayurveda;0.0;600;Yes;summer;coastal;0.1
27;13;04.Чер;male;1000;04.Сер;Pepperfry;0.9;800;No;summer;plains;1.0
7;3;02.Вер;female;4000;03.Січ;Forest Essentials;0.0;500;Yes;winter;plains;0.1
23;11;04.Кві;male;800;04.Чер;Manyavar Mohey;0.7;400;No;summer;plains;0.8
12;6;03.Бер;female;2000;03.Тра;Wildcraft;0.5;500;Yes;winter;mountains;0.6
28;14;04.Лип;male;100;04.Сер;Pepe Jeans London;0.9;800;No;winter;mountains;1.0
16;8;03.Сер;female;900;4.0;Johnson & Johnson;0.7;200;No;summer;plains;0.8
8;4;03.Лют;male;3000;03.Кві;Fastrack;0.2;400;No;winter;plains;0.3
31;15;04.Лип;female;600;04.Сер;Wildcraft;0.9;700;No;winter;plains;1.0
20;10;04.Бер;male;1000;04.Кві;Lee;0.8;300;No;summer;plains;0.9
11;5;03.Лют;female;4000;03.Кві;Patanjali Ayurved (Health Care);0.1;500;Yes;winter;plains;0.2
28;14;04.Лип;male;200;04.Сер;Pepe Jeans London;0.9;800;No;winter;mountains;1.0
15;8;03.Вер;female;500;04.Січ;Manyavar Mohey;0.7;200;No;summer;plains;0.8
9;4;02.Вер;male;3000;03.Січ;Wildcraft;0.0;600;Yes;winter;plains;0.1
24;12;04.Тра;female;900;04.Чер;Flying Machine;0.8;300;No;winter;plains;0.9
13;7;03.Лип;male;100;03.Сер;Sugar Cosmetics;0.6;200;No;summer;coastal;0.7
6;3;02.Вер;female;6000;03.Січ;Wildcraft;0.0;500;Yes;winter;plains;0.1
21;11;04.Кві;male;500;04.Чер;Urban Ladder;0.7;400;No;summer;plains;0.8
32;16;04.Сер;female;2000;04.Вер;Lakme Ayurveda;0.9;700;No;winter;plains;1.0
17;9;04.Січ;male;400;04.Лют;Head Hunters;0.8;200;No;summer;coastal;0.9
25;13;04.Чер;female;300;04.Лип;Manyavar Mohey;0.9;800;No;winter;plains;1.0
19;9;04.Лют;male;200;04.Бер;Pepe Jeans London;0.8;300;No;summer;plains;0.9
34;17;04.Вер;female;7000;5.0;Wakefit;0.9;900;Yes;winter;mountains;1.0
22;11;04.Тра;male;1000;04.Лип;Wildcraft;0.8;400;No;winter;plains;0.9
16;8;03.Сер;female;400;4.0;Johnson & Johnson;0.7;200;No;summer;plains;0.8
10;5;03.Січ;male;5000;03.Лют;Lakme Ayurveda;0.0;600;Yes;summer;coastal;0.1
27;13;04.Чер;male;1000;04.Сер;Pepperfry;0.9;800;No;summer;plains;1.0
7;3;02.Вер;female;4000;03.Січ;Forest Essentials;0.0;500;Yes;winter;plains;0.1
23;11;04.Кві;male;800;04.Чер;Manyavar Mohey;0.7;400;No;summer;plains;0.8
12;6;03.Бер;female;2000;03.Тра;Wildcraft;0.5;500;Yes;winter;mountains;0.6
28;14;04.Лип;male;100;04.Сер;Pepe Jeans London;0.9;800;No;winter;mountains;1.0
16;8;03.Сер;female;900;4.0;Johnson & Johnson;0.7;200;No;summer;plains;0.8
8;4;03.Лют;male;3000;03.Кві;Fastrack;0.2;400;No;winter;plains;0.3
31;15;04.Лип;female;600;04.Сер;Wildcraft;0.9;700;No;winter;plains;1.0
20;10;04.Бер;male;1000;04.Кві;Lee;0.8;300;No;summer;plains;0.9
11;5;03.Лют;female;4000;03.Кві;Patanjali Ayurved (Health Care);0.1;500;Yes;winter;plains;0.2
28;14;04.Лип;male;200;04.Сер;Pepe Jeans London;0.9;800;No;winter;mountains;1.0
15;8;03.Вер;female;500;04.Січ;Manyavar Mohey;0.7;200;No;summer;plains;0.8
9;4;02.Вер;male;3000;03.Січ;Wildcraft;0.0;600;Yes;winter;plains;0.1
24;12;04.Тра;female;900;04.Чер;Flying Machine;0.8;300;No;winter;plains;0.9
13;7;03.Лип;male;100;03.Сер;Sugar Cosmetics;0.6;200;No;summer;coastal;0.7
6;3;02.Вер;female;6000;03.Січ;Wildcraft;0.0;500;Yes;winter;plains;0.1
21;11;04.Кві;male;500;04.Чер;Urban Ladder;0.7;400;No;summer;plains;0.8
32;16;04.Сер;female;2000;04.Вер;Lakme Ayurveda;0.9;700;No;winter;plains;1.0
17;9;04.Січ;male;400;04.Лют;Head Hunters;0.8;200;No;summer;coastal;0.9
25;13;04.Чер;female;300;04.Лип;Manyavar Mohey;0.9;800;No;winter;plains;1.0
19;9;04.Лют;male;200;04.Бер;Pepe Jeans London;0.8;300;No;summer;plains;0.9
34;17;04.Вер;female;7000;5.0;Wakefit;0.9;900;Yes;winter;mountains;1.0
22;11;04.Тра;male;1000;04.Лип;Wildcraft;0.8;400;No;winter;plains;0.9
16;8;03.Сер;female;400;4.0;Johnson & Johnson;0.7;200;No;summer;plains;0.8
10;5;03.Січ;male;5000;03.Лют;Lakme Ayurveda;0.0;600;Yes;summer;coastal;0.1
27;13;04.Чер;male;1000;04.Сер;Pepperfry;0.9;800;No;summer;plains;1.0
7;3;02.Вер;female;4000;03.Січ;Forest Essentials;0.0;500;Yes;winter;plains;0.1
23;11;04.Кві;male;800;04.Чер;Manyavar Mohey;0.7;400;No;summer;plains;0.8
12;6;03.Бер;female;2000;03.Тра;Wildcraft;0.5;500;Yes;winter;mountains;0.6
28;14;04.Лип;male;100;04.Сер;Pepe Jeans London;0.9;800;No;winter;mountains;1.0
16;8;03.Сер;female;900;4.0;Johnson & Johnson;0.7;200;No;summer;plains;0.8
8;4;03.Лют;male;3000;03.Кві;Fastrack;0.2;400;No;winter;plains;0.3
31;15;04.Лип;female;600;04.Сер;Wildcraft;0.9;700;No;winter;plains;1.0
20;10;04.Бер;male;1000;04.Кві;Lee;0.8;300;No;summer;plains;0.9
11;5;03.Лют;female;4000;03.Кві;Patanjali Ayurved (Health Care);0.1;500;Yes;winter;plains;0.2
28;14;04.Лип;male;200;04.Сер;Pepe Jeans London;0.9;800;No;winter;mountains;1.0
15;8;03.Вер;female;500;04.Січ;Manyavar Mohey;0.7;200;No;summer;plains;0.8
9;4;02.Вер;male;3000;03.Січ;Wildcraft;0.0;600;Yes;winter;plains;0.1
24;12;04.Тра;female;900;04.Чер;Flying Machine;0.8;300;No;winter;plains;0.9
13;7;03.Лип;male;100;03.Сер;Sugar Cosmetics;0.6;200;No;summer;coastal;0.7
6;3;02.Вер;female;6000;03.Січ;Wildcraft;0.0;500;Yes;winter;plains;0.1
21;11;04.Кві;male;500;04.Чер;Urban Ladder;0.7;400;No;summer;plains;0.8
32;16;04.Сер;female;2000;04.Вер;Lakme Ayurveda;0.9;700;No;winter;plains;1.0
17;9;04.Січ;male;400;04.Лют;Head Hunters;0.8;200;No;summer;coastal;0.9
25;13;04.Чер;female;300;04.Лип;Manyavar Mohey;0.9;800;No;winter;plains;1.0
19;9;04.Лют;male;200;04.Бер;Pepe Jeans London;0.8;300;No;summer;plains;0.9
34;17;04.Вер;female;7000;5.0;Wakefit;0.9;900;Yes;winter;mountains;1.0
22;11;04.Тра;male;1000;04.Лип;Wildcraft;0.8;400;No;winter;plains;0.9
16;8;03.Сер;female;400;4.0;Johnson & Johnson;0.7;200;No;summer;plains;0.8
10;5;03.Січ;male;5000;03.Лют;Lakme Ayurveda;0.0;600;Yes;summer;coastal;0.1
27;13;04.Чер;male;1000;04.Сер;Pepperfry;0.9;800;No;summer;plains;1.0
7;3;02.Вер;female;4000;03.Січ;Forest Essentials;0.0;500;Yes;winter;plains;0.1
23;11;04.Кві;male;800;04.Чер;Manyavar Mohey;0.7;400;No;summer;plains;0.8
12;6;03.Бер;female;2000;03.Тра;Wildcraft;0.5;500;Yes;winter;mountains;0.6
28;14;04.Лип;male;100;04.Сер;Pepe Jeans London;0.9;800;No;winter;mountains;1.0
16;8;03.Сер;female;900;4.0;Johnson & Johnson;0.7;200;No;summer;plains;0.8
8;4;03.Лют;male;3000;03.Кві;Fastrack;0.2;400;No;winter;plains;0.3
31;15;04.Лип;female;600;04.Сер;Wildcraft;0.9;700;No;winter;plains;1.0
20;10;04.Бер;male;1000;04.Кві;Lee;0.8;300;No;summer;plains;0.9
11;5;03.Лют;female;4000;03.Кві;Patanjali Ayurved (Health Care);0.1;500;Yes;winter;plains;0.2
28;14;04.Лип;male;200;04.Сер;Pepe Jeans London;0.9;800;No;winter;mountains;1.0
15;8;03.Вер;female;500;04.Січ;Manyavar Mohey;0.7;200;No;summer;plains;0.8
9;4;02.Вер;male;3000;03.Січ;Wildcraft;0.0;600;Yes;winter;plains;0.1
24;12;04.Тра;female;900;04.Чер;Flying Machine;0.8;300;No;winter;plains;0.9
13;7;03.Лип;male;100;03.Сер;Sugar Cosmetics;0.6;200;No;summer;coastal;0.7
6;3;02.Вер;female;6000;03.Січ;Wildcraft;0.0;500;Yes;winter;plains;0.1
21;11;04.Кві;male;500;04.Чер;Urban Ladder;0.7;400;No;summer;plains;0.8
32;16;04.Сер;female;2000;04.Вер;Lakme Ayurveda;0.9;700;No;winter;plains;1.0
17;9;04.Січ;male;400;04.Лют;Head Hunters;0.8;200;No;summer;coastal;0.9
25;13;04.Чер;female;300;04.Лип;Manyavar Mohey;0.9;800;No;winter;plains;1.0
19;9;04.Лют;male;200;04.Бер;Pepe Jeans London;0.8;300;No;summer;plains;0.9
34;17;04.Вер;female;7000;5.0;Wakefit;0.9;900;Yes;winter;mountains;1.0
22;11;04.Тра;male;1000;04.Лип;Wildcraft;0.8;400;No;winter;plains;0.9
16;8;03.Сер;female;400;4.0;Johnson & Johnson;0.7;200;No;summer;plains;0.8
10;5;03.Січ;male;5000;03.Лют;Lakme Ayurveda;0.0;600;Yes;summer;coastal;0.1
27;13;04.Чер;male;1000;04.Сер;Pepperfry;0.9;800;No;summer;plains;1.0
7;3;02.Вер;female;4000;03.Січ;Forest Essentials;0.0;500;Yes;winter;plains;0.1
23;11;04.Кві;male;800;04.Чер;Manyavar Mohey;0.7;400;No;summer;plains;0.8
12;6;03.Бер;female;2000;03.Тра;Wildcraft;0.5;500;Yes;winter;mountains;0.6
28;14;04.Лип;male;100;04.Сер;Pepe Jeans London;0.9;800;No;winter;mountains;1.0
16;8;03.Сер;female;900;4.0;Johnson & Johnson;0.7;200;No;summer;plains;0.8
8;4;03.Лют;male;3000;03.Кві;Fastrack;0.2;400;No;winter;plains;0.3
31;15;04.Лип;female;600;04.Сер;Wildcraft;0.9;700;No;winter;plains;1.0
20;10;04.Бер;male;1000;04.Кві;Lee;0.8;300;No;summer;plains;0.9
11;5;03.Лют;female;4000;03.Кві;Patanjali Ayurved (Health Care);0.1;500;Yes;winter;plains;0.2
28;14;04.Лип;male;200;04.Сер;Pepe Jeans London;0.9;800;No;winter;mountains;1.0
15;8;03.Вер;female;500;04.Січ;Manyavar Mohey;0.7;200;No;summer;plains;0.8
9;4;02.Вер;male;3000;03.Січ;Wildcraft;0.0;600;Yes;winter;plains;0.1
24;12;04.Тра;female;900;04.Чер;Flying Machine;0.8;300;No;winter;plains;0.9
13;7;03.Лип;male;100;03.Сер;Sugar Cosmetics;0.6;200;No;summer;coastal;0.7
6;3;02.Вер;female;6000;03.Січ;Wildcraft;0.0;500;Yes;winter;plains;0.1
21;11;04.Кві;male;500;04.Чер;Urban Ladder;0.7;400;No;summer;plains;0.8
32;16;04.Сер;female;2000;04.Вер;Lakme Ayurveda;0.9;700;No;winter;plains;1.0
17;9;04.Січ;male;400;04.Лют;Head Hunters;0.8;200;No;summer;coastal;0.9
25;13;04.Чер;female;300;04.Лип;Manyavar Mohey;0.9;800;No;winter;plains;1.0
19;9;04.Лют;male;200;04.Бер;Pepe Jeans London;0.8;300;No;summer;plains;0.9
34;17;04.Вер;female;7000;5.0;Wakefit;0.9;900;Yes;winter;mountains;1.0
22;11;04.Тра;male;1000;04.Лип;Wildcraft;0.8;400;No;winter;plains;0.9
16;8;03.Сер;female;400;4.0;Johnson & Johnson;0.7;200;No;summer;plains;0.8
10;5;03.Січ;male;5000;03.Лют;Lakme Ayurveda;0.0;600;Yes;summer;coastal;0.1
27;13;04.Чер;male;1000;04.Сер;Pepperfry;0.9;800;No;summer;plains;1.0
7;3;02.Вер;female;4000;03.Січ;Forest Essentials;0.0;500;Yes;winter;plains;0.1
23;11;04.Кві;male;800;04.Чер;Manyavar Mohey;0.7;400;No;summer;plains;0.8
12;6;03.Бер;female;2000;03.Тра;Wildcraft;0.5;500;Yes;winter;mountains;0.6
28;14;04.Лип;male;100;04.Сер;Pepe Jeans London;0.9;800;No;winter;mountains;1.0
16;8;03.Сер;female;900;4.0;Johnson & Johnson;0.7;200;No;summer;plains;0.8
8;4;03.Лют;male;3000;03.Кві;Fastrack;0.2;400;No;winter;plains;0.3
31;15;04.Лип;female;600;04.Сер;Wildcraft;0.9;700;No;winter;plains;1.0
20;10;04.Бер;male;1000;04.Кві;Lee;0.8;300;No;summer;plains;0.9
11;5;03.Лют;female;4000;03.Кві;Patanjali Ayurved (Health Care);0.1;500;Yes;winter;plains;0.2
28;14;04.Лип;male;200;04.Сер;Pepe Jeans London;0.9;800;No;winter;mountains;1.0
15;8;03.Вер;female;500;04.Січ;Manyavar Mohey;0.7;200;No;summer;plains;0.8
9;4;02.Вер;male;3000;03.Січ;Wildcraft;0.0;600;Yes;winter;plains;0.1
24;12;04.Тра;female;900;04.Чер;Flying Machine;0.8;300;No;winter;plains;0.9
13;7;03.Лип;male;100;03.Сер;Sugar Cosmetics;0.6;200;No;summer;coastal;0.7
6;3;02.Вер;female;6000;03.Січ;Wildcraft;0.0;500;Yes;winter;plains;0.1
21;11;04.Кві;male;500;04.Чер;Urban Ladder;0.7;400;No;summer;plains;0.8
32;16;04.Сер;female;2000;04.Вер;Lakme Ayurveda;0.9;700;No;winter;plains;1.0
17;9;04.Січ;male;400;04.Лют;Head Hunters;0.8;200;No;summer;coastal;0.9
25;13;04.Чер;female;300;04.Лип;Manyavar Mohey;0.9;800;No;winter;plains;1.0
19;9;04.Лют;male;200;04.Бер;Pepe Jeans London;0.8;300;No;summer;plains;0.9
34;17;04.Вер;female;7000;5.0;Wakefit;0.9;900;Yes;winter;mountains;1.0
22;11;04.Тра;male;1000;04.Лип;Wildcraft;0.8;400;No;winter;plains;0.9
16;8;03.Сер;female;400;4.0;Johnson & Johnson;0.7;200;No;summer;plains;0.8
10;5;03.Січ;male;5000;03.Лют;Lakme Ayurveda;0.0;600;Yes;summer;coastal;0.1
27;13;04.Чер;male;1000;04.Сер;Pepperfry;0.9;800;No;summer;plains;1.0
7;3;02.Вер;female;4000;03.Січ;Forest Essentials;0.0;500;Yes;winter;plains;0.1
23;11;04.Кві;male;800;04.Чер;Manyavar Mohey;0.7;400;No;summer;plains;0.8
12;6;03.Бер;female;2000;03.Тра;Wildcraft;0.5;500;Yes;winter;mountains;0.6
28;14;04.Лип;male;100;04.Сер;Pepe Jeans London;0.9;800;No;winter;mountains;1.0
16;8;03.Сер;female;900;4.0;Johnson & Johnson;0.7;200;No;summer;plains;0.8
8;4;03.Лют;male;3000;03.Кві;Fastrack;0.2;400;No;winter;plains;0.3
31;15;04.Лип;female;600;04.Сер;Wildcraft;0.9;700;No;winter;plains;1.0
20;10;04.Бер;male;1000;04.Кві;Lee;0.8;300;No;summer;plains;0.9
11;5;03.Лют;female;4000;03.Кві;Patanjali Ayurved (Health Care);0.1;500;Yes;winter;plains;0.2
28;14;04.Лип;male;200;04.Сер;Pepe Jeans London;0.9;800;No;winter;mountains;1.0
15;8;03.Вер;female;500;04.Січ;Manyavar Mohey;0.7;200;No;summer;plains;0.8
9;4;02.Вер;male;3000;03.Січ;Wildcraft;0.0;600;Yes;winter;plains;0.1
24;12;04.Тра;female;900;04.Чер;Flying Machine;0.8;300;No;winter;plains;0.9
13;7;03.Лип;male;100;03.Сер;Sugar Cosmetics;0.6;200;No;summer;coastal;0.7
6;3;02.Вер;female;6000;03.Січ;Wildcraft;0.0;500;Yes;winter;plains;0.1
21;11;04.Кві;male;500;04.Чер;Urban Ladder;0.7;400;No;summer;plains;0.8
32;16;04.Сер;female;2000;04.Вер;Lakme Ayurveda;0.9;700;No;winter;plains;1.0
17;9;04.Січ;male;400;04.Лют;Head Hunters;0.8;200;No;summer;coastal;0.9
25;13;04.Чер;female;300;04.Лип;Manyavar Mohey;0.9;800;No;winter;plains;1.0
19;9;04.Лют;male;200;04.Бер;Pepe Jeans London;0.8;300;No;summer;plains;0.9
34;17;04.Вер;female;7000;5.0;Wakefit;0.9;900;Yes;winter;mountains;1.0
22;11;04.Тра;male;1000;04.Лип;Wildcraft;0.8;400;No;winter;plains;0.9
16;8;03.Сер;female;400;4.0;Johnson & Johnson;0.7;200;No;summer;plains;0.8
10;5;03.Січ;male;5000;03.Лют;Lakme Ayurveda;0.0;600;Yes;summer;coastal;0.1
27;13;04.Чер;male;1000;04.Сер;Pepperfry;0.9;800;No;summer;plains;1.0
7;3;02.Вер;female;4000;03.Січ;Forest Essentials;0.0;500;Yes;winter;plains;0.1
23;11;04.Кві;male;800;04.Чер;Manyavar Mohey;0.7;400;No;summer;plains;0.8
12;6;03.Бер;female;2000;03.Тра;Wildcraft;0.5;500;Yes;winter;mountains;0.6
28;14;04.Лип;male;100;04.Сер;Pepe Jeans London;0.9;800;No;winter;mountains;1.0
16;8;03.Сер;female;900;4.0;Johnson & Johnson;0.7;200;No;summer;plains;0.8
8;4;03.Лют;male;3000;03.Кві;Fastrack;0.2;400;No;winter;plains;0.3
31;15;04.Лип;female;600;04.Сер;Wildcraft;0.9;700;No;winter;plains;1.0
20;10;04.Бер;male;1000;04.Кві;Lee;0.8;300;No;summer;plains;0.9
11;5;03.Лют;female;4000;03.Кві;Patanjali Ayurved (Health Care);0.1;500;Yes;winter;plains;0.2
28;14;04.Лип;male;200;04.Сер;Pepe Jeans London;0.9;800;No;winter;mountains;1.0
15;8;03.Вер;female;500;04.Січ;Manyavar Mohey;0.7;200;No;summer;plains;0.8
9;4;02.Вер;male;3000;03.Січ;Wildcraft;0.0;600;Yes;winter;plains;0.1
24;12;04.Тра;female;900;04.Чер;Flying Machine;0.8;300;No;winter;plains;0.9
13;7;03.Лип;male;100;03.Сер;Sugar Cosmetics;0.6;200;No;summer;coastal;0.7
6;3;02.Вер;female;6000;03.Січ;Wildcraft;0.0;500;Yes;winter;plains;0.1
21;11;04.Кві;male;500;04.Чер;Urban Ladder;0.7;400;No;summer;plains;0.8
32;16;04.Сер;female;2000;04.Вер;Lakme Ayurveda;0.9;700;No;winter;plains;1.0
17;9;04.Січ;male;400;04.Лют;Head Hunters;0.8;200;No;summer;coastal;0.9
25;13;04.Чер;female;300;04.Лип;Manyavar Mohey;0.9;800;No;winter;plains;1.0
19;9;04.Лют;male;200;04.Бер;Pepe Jeans London;0.8;300;No;summer;plains;0.9
34;17;04.Вер;female;7000;5.0;Wakefit;0.9;900;Yes;winter;mountains;1.0
22;11;04.Тра;male;1000;04.Лип;Wildcraft;0.8;400;No;winter;plains;0.9
16;8;03.Сер;female;400;4.0;Johnson & Johnson;0.7;200;No;summer;plains;0.8
10;5;03.Січ;male;5000;03.Лют;Lakme Ayurveda;0.0;600;Yes;summer;coastal;0.1
27;13;04.Чер;male;1000;04.Сер;Pepperfry;0.9;800;No;summer;plains;1.0
7;3;02.Вер;female;4000;03.Січ;Forest Essentials;0.0;500;Yes;winter;plains;0.1
23;11;04.Кві;male;800;04.Чер;Manyavar Mohey;0.7;400;No;summer;plains;0.8
12;6;03.Бер;female;2000;03.Тра;Wildcraft;0.5;500;Yes;winter;mountains;0.6
28;14;04.Лип;male;100;04.Сер;Pepe Jeans London;0.9;800;No;winter;mountains;1.0
16;8;03.Сер;female;900;4.0;Johnson & Johnson;0.7;200;No;summer;plains;0.8
8;4;03.Лют;male;3000;03.Кві;Fastrack;0.2;400;No;winter;plains;0.3
31;15;04.Лип;female;600;04.Сер;Wildcraft;0.9;700;No;winter;plains;1.0
20;10;04.Бер;male;1000;04.Кві;Lee;0.8;300;No;summer;plains;0.9
11;5;03.Лют;female;4000;03.Кві;Patanjali Ayurved (Health Care);0.1;500;Yes;winter;plains;0.2
28;14;04.Лип;male;200;04.Сер;Pepe Jeans London;0.9;800;No;winter;mountains;1.0
15;8;03.Вер;female;500;04.Січ;Manyavar Mohey;0.7;200;No;summer;plains;0.8
9;4;02.Вер;male;3000;03.Січ;Wildcraft;0.0;600;Yes;winter;plains;0.1
24;12;04.Тра;female;900;04.Чер;Flying Machine;0.8;300;No;winter;plains;0.9
13;7;03.Лип;male;100;03.Сер;Sugar Cosmetics;0.6;200;No;summer;coastal;0.7
6;3;02.Вер;female;6000;03.Січ;Wildcraft;0.0;500;Yes;winter;plains;0.1
21;11;04.Кві;male;500;04.Чер;Urban Ladder;0.7;400;No;summer;plains;0.8
32;16;04.Сер;female;2000;04.Вер;Lakme Ayurveda;0.9;700;No;winter;plains;1.0
17;9;04.Січ;male;400;04.Лют;Head Hunters;0.8;200;No;summer;coastal;0.9
25;13;04.Чер;female;300;04.Лип;Manyavar Mohey;0.9;800;No;winter;plains;1.0
19;9;04.Лют;male;200;04.Бер;Pepe Jeans London;0.8;300;No;summer;plains;0.9
34;17;04.Вер;female;7000;5.0;Wakefit;0.9;900;Yes;winter;mountains;1.0
22;11;04.Тра;male;1000;04.Лип;Wildcraft;0.8;400;No;winter;plains;0.9
16;8;03.Сер;female;400;4.0;Johnson & Johnson;0.7;200;No;summer;plains;0.8
10;5;03.Січ;male;5000;03.Лют;Lakme Ayurveda;0.0;600;Yes;summer;coastal;0.1
27;13;04.Чер;male;1000;04.Сер;Pepperfry;0.9;800;No;summer;plains;1.0
7;3;02.Вер;female;4000;03.Січ;Forest Essentials;0.0;500;Yes;winter;plains;0.1
23;11;04.Кві;male;800;04.Чер;Manyavar Mohey;0.7;400;No;summer;plains;0.8
12;6;03.Бер;female;2000;03.Тра;Wildcraft;0.5;500;Yes;winter;mountains;0.6
28;14;04.Лип;male;100;04.Сер;Pepe Jeans London;0.9;800;No;winter;mountains;1.0
16;8;03.Сер;female;900;4.0;Johnson & Johnson;0.7;200;No;summer;plains;0.8
8;4;03.Лют;male;3000;03.Кві;Fastrack;0.2;400;No;winter;plains;0.3
31;15;04.Лип;female;600;04.Сер;Wildcraft;0.9;700;No;winter;plains;1.0
20;10;04.Бер;male;1000;04.Кві;Lee;0.8;300;No;summer;plains;0.9
11;5;03.Лют;female;4000;03.Кві;Patanjali Ayurved (Health Care);0.1;500;Yes;winter;plains;0.2
28;14;04.Лип;male;200;04.Сер;Pepe Jeans London;0.9;800;No;winter;mountains;1.0
15;8;03.Вер;female;500;04.Січ;Manyavar Mohey;0.7;200;No;summer;plains;0.8
9;4;02.Вер;male;3000;03.Січ;Wildcraft;0.0;600;Yes;winter;plains;0.1
24;12;04.Тра;female;900;04.Чер;Flying Machine;0.8;300;No;winter;plains;0.9
13;7;03.Лип;male;100;03.Сер;Sugar Cosmetics;0.6;200;No;summer;coastal;0.7
6;3;02.Вер;female;6000;03.Січ;Wildcraft;0.0;500;Yes;winter;plains;0.1
21;11;04.Кві;male;500;04.Чер;Urban Ladder;0.7;400;No;summer;plains;0.8
32;16;04.Сер;female;2000;04.Вер;Lakme Ayurveda;0.9;700;No;winter;plains;1.0
17;9;04.Січ;male;400;04.Лют;Head Hunters;0.8;200;No;summer;coastal;0.9
25;13;04.Чер;female;300;04.Лип;Manyavar Mohey;0.9;800;No;winter;plains;1.0
19;9;04.Лют;male;200;04.Бер;Pepe Jeans London;0.8;300;No;summer;plains;0.9
34;17;04.Вер;female;7000;5.0;Wakefit;0.9;900;Yes;winter;mountains;1.0
22;11;04.Тра;male;1000;04.Лип;Wildcraft;0.8;400;No;winter;plains;0.9
16;8;03.Сер;female;400;4.0;Johnson & Johnson;0.7;200;No;summer;plains;0.8
10;5;03.Січ;male;5000;03.Лют;Lakme Ayurveda;0.0;600;Yes;summer;coastal;0.1
27;13;04.Чер;male;1000;04.Сер;Pepperfry;0.9;800;No;summer;plains;1.0
7;3;02.Вер;female;4000;03.Січ;Forest Essentials;0.0;500;Yes;winter;plains;0.1
23;11;04.Кві;male;800;04.Чер;Manyavar Mohey;0.7;400;No;summer;plains;0.8
12;6;03.Бер;female;2000;03.Тра;Wildcraft;0.5;500;Yes;winter;mountains;0.6
28;14;04.Лип;male;100;04.Сер;Pepe Jeans London;0.9;800;No;winter;mountains;1.0
16;8;03.Сер;female;900;4.0;Johnson & Johnson;0.7;200;No;summer;plains;0.8
8;4;03.Лют;male;3000;03.Кві;Fastrack;0.2;400;No;winter;plains;0.3
31;15;04.Лип;female;600;04.Сер;Wildcraft;0.9;700;No;winter;plains;1.0
20;10;04.Бер;male;1000;04.Кві;Lee;0.8;300;No;summer;plains;0.9
11;5;03.Лют;female;4000;03.Кві;Patanjali Ayurved (Health Care);0.1;500;Yes;winter;plains;0.2
28;14;04.Лип;male;200;04.Сер;Pepe Jeans London;0.9;800;No;winter;mountains;1.0
15;8;03.Вер;female;500;04.Січ;Manyavar Mohey;0.7;200;No;summer;plains;0.8
9;4;02.Вер;male;3000;03.Січ;Wildcraft;0.0;600;Yes;winter;plains;0.1
24;12;04.Тра;female;900;04.Чер;Flying Machine;0.8;300;No;winter;plains;0.9
13;7;03.Лип;male;100;03.Сер;Sugar Cosmetics;0.6;200;No;summer;coastal;0.7
6;3;02.Вер;female;6000;03.Січ;Wildcraft;0.0;500;Yes;winter;plains;0.1
21;11;04.Кві;male;500;04.Чер;Urban Ladder;0.7;400;No;summer;plains;0.8
32;16;04.Сер;female;2000;04.Вер;Lakme Ayurveda;0.9;700;No;winter;plains;1.0
17;9;04.Січ;male;400;04.Лют;Head Hunters;0.8;200;No;summer;coastal;0.9
25;13;04.Чер;female;300;04.Лип;Manyavar Mohey;0.9;800;No;winter;plains;1.0
19;9;04.Лют;male;200;04.Бер;Pepe Jeans London;0.8;300;No;summer;plains;0.9
34;17;04.Вер;female;7000;5.0;Wakefit;0.9;900;Yes;winter;mountains;1.0
22;11;04.Тра;male;1000;04.Лип;Wildcraft;0.8;400;No;winter;plains;0.9
16;8;03.Сер;female;400;4.0;Johnson & Johnson;0.7;200;No;summer;plains;0.8
10;5;03.Січ;male;5000;03.Лют;Lakme Ayurveda;0.0;600;Yes;summer;coastal;0.1
27;13;04.Чер;male;1000;04.Сер;Pepperfry;0.9;800;No;summer;plains;1.0
7;3;02.Вер;female;4000;03.Січ;Forest Essentials;0.0;500;Yes;winter;plains;0.1
23;11;04.Кві;male;800;04.Чер;Manyavar Mohey;0.7;400;No;summer;plains;0.8
12;6;03.Бер;female;2000;03.Тра;Wildcraft;0.5;500;Yes;winter;mountains;0.6
28;14;04.Лип;male;100;04.Сер;Pepe Jeans London;0.9;800;No;winter;mountains;1.0
16;8;03.Сер;female;900;4.0;Johnson & Johnson;0.7;200;No;summer;plains;0.8
8;4;03.Лют;male;3000;03.Кві;Fastrack;0.2;400;No;winter;plains;0.3
31;15;04.Лип;female;600;04.Сер;Wildcraft;0.9;700;No;winter;plains;1.0
20;10;04.Бер;male;1000;04.Кві;Lee;0.8;300;No;summer;plains;0.9
11;5;03.Лют;female;4000;03.Кві;Patanjali Ayurved (Health Care);0.1;500;Yes;winter;plains;0.2
28;14;04.Лип;male;200;04.Сер;Pepe Jeans London;0.9;800;No;winter;mountains;1.0
15;8;03.Вер;female;500;04.Січ;Manyavar Mohey;0.7;200;No;summer;plains;0.8
9;4;02.Вер;male;3000;03.Січ;Wildcraft;0.0;600;Yes;winter;plains;0.1
24;12;04.Тра;female;900;04.Чер;Flying Machine;0.8;300;No;winter;plains;0.9
13;7;03.Лип;male;100;03.Сер;Sugar Cosmetics;0.6;200;No;summer;coastal;0.7
6;3;02.Вер;female;6000;03.Січ;Wildcraft;0.0;500;Yes;winter;plains;0.1
21;11;04.Кві;male;500;04.Чер;Urban Ladder;0.7;400;No;summer;plains;0.8
32;16;04.Сер;female;2000;04.Вер;Lakme Ayurveda;0.9;700;No;winter;plains;1.0
17;9;04.Січ;male;400;04.Лют;Head Hunters;0.8;200;No;summer;coastal;0.9
25;13;04.Чер;female;300;04.Лип;Manyavar Mohey;0.9;800;No;winter;plains;1.0
19;9;04.Лют;male;200;04.Бер;Pepe Jeans London;0.8;300;No;summer;plains;0.9
34;17;04.Вер;female;7000;5.0;Wakefit;0.9;900;Yes;winter;mountains;1.0
22;11;04.Тра;male;1000;04.Лип;Wildcraft;0.8;400;No;winter;plains;0.9
16;8;03.Сер;female;400;4.0;Johnson & Johnson;0.7;200;No;summer;plains;0.8
10;5;03.Січ;male;5000;03.Лют;Lakme Ayurveda;0.0;600;Yes;summer;coastal;0.1
27;13;04.Чер;male;1000;04.Сер;Pepperfry;0.9;800;No;summer;plains;1.0
7;3;02.Вер;female;4000;03.Січ;Forest Essentials;0.0;500;Yes;winter;plains;0.1
23;11;04.Кві;male;800;04.Чер;Manyavar Mohey;0.7;400;No;summer;plains;0.8
12;6;03.Бер;female;2000;03.Тра;Wildcraft;0.5;500;Yes;winter;mountains;0.6
28;14;04.Лип;male;100;04.Сер;Pepe Jeans London;0.9;800;No;winter;mountains;1.0
16;8;03.Сер;female;900;4.0;Johnson & Johnson;0.7;200;No;summer;plains;0.8
8;4;03.Лют;male;3000;03.Кві;Fastrack;0.2;400;No;winter;plains;0.3
31;15;04.Лип;female;600;04.Сер;Wildcraft;0.9;700;No;winter;plains;1.0
20;10;04.Бер;male;1000;04.Кві;Lee;0.8;300;No;summer;plains;0.9
11;5;03.Лют;female;4000;03.Кві;Patanjali Ayurved (Health Care);0.1;500;Yes;winter;plains;0.2
28;14;04.Лип;male;200;04.Сер;Pepe Jeans London;0.9;800;No;winter;mountains;1.0
15;8;03.Вер;female;500;04.Січ;Manyavar Mohey;0.7;200;No;summer;plains;0.8
5;2;02.Бер;male;100;02.Тра;Johnson & Johnson;-0.7;100;No;summer;plains;0.1
42;21;04.Вер;female;2000;5.0;Wakefit;0.9;900;No;winter;mountains;1.0
14;7;03.Тра;male;300;03.Лип;Head & Shoulders;0.5;100;Yes;monsoon;plains;0.7
7;4;03.Січ;female;7000;03.Бер;Lakme Ayurveda;-0.2;1000;Yes;summer;plains;0.4
20;10;04.Кві;male;100;04.Чер;Manyavar Mohey;0.7;400;No;summer;plains;0.8
30;15;04.Лип;female;800;04.Вер;Pepperfry;0.9;700;No;winter;plains;1.0
16;9;04.Лют;male;5000;04.Кві;Lakme Ayurveda;0.7;600;Yes;summer;coastal;0.9
21;12;04.Сер;female;1000;5.0;Wildcraft;0.9;800;Yes;winter;mountains;1.0
11;6;03.Чер;male;4000;03.Сер;Flying Machine;0.3;500;Yes;summer;coastal;0.5
33;17;04.Вер;female;600;5.0;Wildcraft;0.9;700;No;winter;plains;1.0
25;12;04.Кві;male;300;04.Чер;Manyavar Mohey;0.8;400;No;summer;plains;0.9
18;9;04.Бер;female;7000;04.Тра;Lakme Ayurveda;0.8;800;Yes;summer;coastal;1.0
22;13;04.Чер;male;2000;04.Сер;Urban Ladder;0.9;900;No;winter;plains;1.0
10;5;3.0;female;100;03.Лют;Lee;0.0;200;Yes;summer;plains;0.1
27;13;04.Чер;male;300;04.Сер;Manyavar Mohey;0.9;800;No;summer;plains;1.0
15;8;03.Вер;female;4000;04.Січ;Pepperfry;0.7;600;Yes;winter;mountains;0.8
19;10;04.Бер;male;600;04.Тра;Johnson & Johnson;0.8;700;Yes;summer;coastal;1.0
23;14;04.Лип;female;1000;04.Вер;Wildcraft;0.9;800;No;winter;plains;1.0
13;7;03.Лип;male;400;03.Сер;Sugar Cosmetics;0.6;200;No;summer;coastal;0.7
28;15;04.Сер;female;500;5.0;Wakefit;0.9;900;Yes;summer;plains;1.0
17;9;04.Лют;male;200;04.Кві;Flying Machine;0.8;300;No;winter;plains;0.9
31;16;04.Сер;female;800;5.0;Pepperfry;0.9;700;No;winter;plains;1.0
12;6;03.Тра;male;5000;03.Лип;Urban Ladder;0.4;600;Yes;summer;coastal;0.6
26;13;04.Тра;female;300;04.Лип;Manyavar Mohey;0.8;400;No;summer;plains;0.9
10;5;3.0;female;100;03.Лют;Lee;0.0;200;Yes;summer;plains;0.1
27;13;04.Чер;male;300;04.Сер;Manyavar Mohey;0.9;800;No;summer;plains;1.0
15;8;03.Вер;female;4000;04.Січ;Pepperfry;0.7;600;Yes;winter;mountains;0.8
19;10;04.Бер;male;600;04.Тра;Johnson & Johnson;0.8;700;Yes;summer;coastal;1.0
23;14;04.Лип;female;1000;04.Вер;Wildcraft;0.9;800;No;winter;plains;1.0
13;7;03.Лип;male;400;03.Сер;Sugar Cosmetics;0.6;200;No;summer;coastal;0.7
28;15;04.Сер;female;500;5.0;Wakefit;0.9;900;Yes;summer;plains;1.0
17;9;04.Лют;male;200;04.Кві;Flying Machine;0.8;300;No;winter;plains;0.9
31;16;04.Сер;female;800;5.0;Pepperfry;0.9;700;No;winter;plains;1.0
12;6;03.Тра;male;5000;03.Лип;Urban Ladder;0.4;600;Yes;summer;coastal;0.6
26;13;04.Тра;female;300;04.Лип;Manyavar Mohey;0.8;400;No;summer;plains;0.9
9;5;03.Лют;male;400;03.Кві;AmazonBasics;-0.1;500;Yes;winter;plains;0.3
20;11;04.Кві;female;2000;04.Чер;Wildcraft;0.8;700;No;winter;plains;0.9
14;8;03.Сер;male;1000;4.0;Pepe Jeans London;0.7;200;No;summer;plains;0.8
29;15;04.Сер;female;6000;5.0;Lakme Ayurveda;0.9;800;Yes;winter;plains;1.0
18;10;04.Бер;male;300;04.Тра;Manyavar Mohey;0.8;500;No;summer;plains;0.9
32;17;04.Вер;female;700;5.0;Wildcraft;0.9;900;No;winter;plains;1.0
16;9;04.Лют;male;400;04.Кві;Johnson & Johnson;0.8;300;No;summer;plains;0.9
30;16;04.Сер;female;900;5.0;Pepperfry;0.9;700;No;winter;plains;1.0
11;6;03.Тра;male;6000;03.Лип;Urban Ladder;0.4;700;Yes;summer;coastal;0.6
25;13;04.Тра;female;400;04.Лип;Manyavar Mohey;0.8;400;No;summer;plains;0.9
8;5;03.Лют;male;500;03.Кві;AmazonBasics;-0.1;600;Yes;winter;plains;0.3
21;12;04.Чер;female;3000;04.Сер;Wakefit;0.9;800;Yes;summer;plains;1.0
15;9;4.0;male;200;04.Лют;Flying Machine;0.7;400;No;winter;plains;0.8
26;14;04.Лип;female;800;04.Вер;Wildcraft;0.9;900;No;winter;plains;1.0
10;6;03.Бер;male;700;03.Тра;Lee;0.1;200;No;summer;plains;0.4
18;11;04.Тра;female;4000;04.Лип;Johnson & Johnson;0.8;500;Yes;winter;coastal;1.0
33;18;5.0;male;500;5.0;Pepperfry;0.9;700;No;winter;plains;1.0
9;6;03.Бер;female;100;03.Тра;Manyavar Mohey;0.2;400;No;summer;plains;0.5
24;13;04.Чер;male;2000;04.Сер;AmazonBasics;-0.1;600;Yes;winter;plains;0.3
16;10;04.Січ;female;6000;04.Бер;Wildcraft;0.8;800;Yes;summer;coastal;0.9
29;16;04.Вер;male;300;5.0;Lee;0.8;300;No;summer;plains;1.0
11;7;03.Лип;female;700;03.Вер;Sugar Cosmetics;0.5;200;Yes;monsoon;plains;0.7
22;13;04.Лип;male;900;04.Вер;Pepe Jeans London;0.9;800;No;winter;mountains;1.0
17;10;04.Кві;female;5000;04.Чер;Wakefit;0.8;600;Yes;summer;plains;0.9
31;17;04.Вер;male;200;5.0;AmazonBasics;-0.1;700;No;winter;plains;1.0
14;9;4.0;female;4000;04.Лют;Wildcraft;0.7;800;Yes;summer;coastal;0.9
28;16;04.Вер;male;400;5.0;Manyavar Mohey;0.9;900;No;summer;plains;1.0
12;7;03.Чер;female;1000;03.Сер;Lakme Ayurveda;0.4;200;Yes;summer;coastal;0.6
25;14;04.Сер;male;800;5.0;Wildcraft;0.9;1000;Yes;winter;plains;1.0
8;6;03.Кві;female;2000;03.Чер;Johnson & Johnson;0.3;300;No;summer;coastal;0.6
21;13;04.Лип;male;300;04.Вер;Manyavar Mohey;0.9;800;Yes;winter;mountains;1.0
15;10;04.Січ;female;7000;04.Бер;Wakefit;0.8;900;Yes;summer;plains;0.9
30;17;04.Вер;male;400;5.0;Lee;0.9;300;No;summer;plains;1.0
10;7;03.Кві;female;100;03.Чер;Pepe Jeans London;0.2;400;No;winter;plains;0.5
19;12;04.Чер;male;2000;04.Сер;Johnson & Johnson;0.9;500;Yes;winter;coastal;1.0
34;19;5.0;female;500;5.0;Wildcraft;0.9;700;No;winter;plains;1.0
16;11;04.Бер;male;6000;04.Тра;Pepperfry;0.8;800;Yes;summer;coastal;0.9
29;17;04.Вер;female;300;5.0;Manyavar Mohey;0.9;900;No;summer;plains;1.0
13;8;03.Вер;male;800;04.Січ;Flying Machine;0.7;200;Yes;winter;plains;0.8
22;14;04.Сер;female;1000;5.0;Wildcraft;0.9;800;Yes;summer;plains;1.0
17;11;04.Тра;male;300;04.Лип;Pepe Jeans London;0.8;400;No;winter;plains;0.9
32;18;5.0;female;900;5.0;Wakefit;0.9;700;No;winter;plains;1.0
18;12;04.Лип;male;100;04.Вер;AmazonBasics;-0.1;800;Yes;winter;plains;0.3
26;15;04.Сер;female;2000;5.0;Wildcraft;0.9;900;No;winter;plains;1.0
11;8;03.Сер;male;4000;4.0;Sugar Cosmetics;0.6;200;Yes;monsoon;plains;0.8
20;13;04.Тра;female;500;04.Лип;Lee;0.8;300;No;summer;plains;0.9
15;11;04.Лют;male;6000;04.Кві;Lakme Ayurveda;0.8;800;Yes;summer;coastal;0.9
30;18;04.Вер;female;700;5.0;Wildcraft;0.9;1000;No;winter;plains;1.0
9;7;03.Тра;male;100;03.Лип;Pepperfry;0.0;400;Yes;winter;plains;0.1
24;14;04.Лип;female;3000;04.Вер;Manyavar Mohey;0.9;900;Yes;winter;plains;1.0
16;12;04.Кві;male;200;04.Чер;Flying Machine;0.8;500;Yes;summer;plains;0.9
31;18;04.Вер;female;5000;5.0;Wildcraft;0.9;700;No;winter;plains;1.0
14;10;04.Лют;male;300;04.Кві;Johnson & Johnson;0.8;400;No;summer;plains;0.9
28;17;04.Вер;female;700;5.0;Wakefit;0.9;900;No;summer;plains;1.0
12;8;03.Лип;male;1000;03.Вер;Pepe Jeans London;0.5;200;No;winter;plains;0.8
25;15;04.Вер;female;800;5.0;Manyavar Mohey;0.9;400;No;summer;plains;1.0
8;7;03.Чер;male;2000;03.Сер;AmazonBasics;-0.1;500;Yes;winter;plains;0.3
21;14;04.Сер;female;300;5.0;Lakme Ayurveda;0.9;800;Yes;summer;plains;1.0
15;12;04.Бер;male;7000;04.Тра;Wildcraft;0.8;900;Yes;summer;coastal;0.9
30;19;5.0;female;100;5.0;Manyavar Mohey;0.9;1000;No;summer;plains;1.0
10;8;03.Чер;male;1000;03.Сер;Lee;0.1;300;No;summer;plains;0.4
19;13;04.Чер;female;2000;04.Сер;Johnson & Johnson;0.9;500;Yes;winter;coastal;1.0
34;20;5.0;male;300;5.0;Pepperfry;0.9;700;No;winter;plains;1.0
16;13;04.Тра;female;6000;04.Лип;Wildcraft;0.8;800;Yes;summer;coastal;0.9
29;18;04.Вер;male;400;5.0;Lee;0.9;300;No;summer;plains;1.0
13;9;4.0;female;900;04.Лют;Sugar Cosmetics;0.7;200;Yes;winter;plains;0.8
22;15;04.Вер;male;1000;5.0;Pepe Jeans London;0.9;800;No;winter;mountains;1.0
17;12;04.Чер;female;400;04.Сер;Wakefit;0.8;400;Yes;summer;plains;0.9
32;19;5.0;male;700;5.0;Wildcraft;0.9;700;No;winter;plains;1.0
18;13;04.Лип;female;800;04.Вер;Manyavar Mohey;0.9;900;Yes;winter;plains;1.0
26;16;04.Вер;male;200;5.0;Wildcraft;0.9;1000;Yes;winter;plains;1.0
11;9;03.Вер;female;5000;04.Січ;Pepperfry;0.7;300;Yes;summer;plains;0.9
20;14;04.Чер;male;300;04.Сер;Lee;0.8;500;Yes;summer;plains;0.9
15;13;04.Кві;female;7000;04.Чер;Wildcraft;0.8;900;Yes;summer;coastal;0.9
30;20;5.0;male;100;5.0;Manyavar Mohey;0.9;1000;No;summer;plains;1.0
9;8;03.Лип;female;2000;03.Вер;Johnson & Johnson;0.4;400;Yes;summer;coastal;0.7
24;15;04.Сер;male;400;5.0;Pepe Jeans London;0.9;800;No;winter;mountains;1.0
16;14;04.Чер;female;6000;04.Сер;Wildcraft;0.8;800;Yes;summer;coastal;0.9
11;10;4.0;male;300;04.Лют;Head Hunters;0.7;500;Yes;summer;coastal;0.9
29;19;04.Вер;female;700;5.0;Manyavar Mohey;0.9;1000;No;summer;plains;1.0
13;10;03.Сер;male;900;4.0;Sugar Cosmetics;0.7;200;Yes;winter;plains;0.8
22;16;5.0;female;1000;5.0;Pepe Jeans London;0.9;800;No;winter;mountains;1.0
17;13;04.Лип;female;400;04.Вер;Wakefit;0.9;500;Yes;summer;plains;1.0
32;20;5.0;male;700;5.0;Wildcraft;0.9;700;No;winter;plains;1.0
18;14;04.Сер;female;800;5.0;Manyavar Mohey;0.9;900;Yes;winter;plains;1.0
26;17;5.0;male;200;5.0;Wildcraft;0.9;1000;Yes;winter;plains;1.0
11;11;04.Січ;female;5000;04.Бер;Pepperfry;0.8;300;Yes;summer;plains;0.9
20;15;04.Лип;male;300;04.Вер;Lee;0.8;500;Yes;summer;plains;0.9
15;14;04.Тра;female;7000;04.Лип;Wildcraft;0.8;900;Yes;summer;coastal;0.9
30;21;5.0;male;100;5.0;Manyavar Mohey;0.9;1000;No;summer;plains;1.0
9;9;03.Сер;female;2000;4.0;Johnson & Johnson;0.4;400;Yes;summer;coastal;0.7
24;16;04.Вер;male;400;5.0;Pepe Jeans London;0.9;800;No;winter;mountains;1.0
16;15;04.Лип;female;6000;04.Вер;Wildcraft;0.8;800;Yes;summer;coastal;0.9
11;12;04.Лют;male;300;04.Кві;Head Hunters;0.8;500;Yes;summer;coastal;0.9
29;20;04.Вер;female;700;5.0;Manyavar Mohey;0.9;1000;No;summer;plains;1.0
13;11;03.Вер;male;900;04.Січ;Sugar Cosmetics;0.7;200;Yes;winter;plains;0.8
22;17;5.0;female;1000;5.0;Pepe Jeans London;0.9;800;No;winter;mountains;1.0
17;14;04.Сер;female;400;5.0;Wakefit;0.9;500;Yes;summer;plains;1.0
32;21;5.0;male;700;5.0;Wildcraft;0.9;700;No;winter;plains;1.0
18;15;04.Вер;female;800;5.0;Manyavar Mohey;0.9;900;Yes;winter;plains;1.0
26;18;5.0;male;200;5.0;Wildcraft;0.9;1000;Yes;winter;plains;1.0
11;13;04.Бер;female;5000;04.Тра;Pepperfry;0.8;300;Yes;summer;plains;0.9
20;16;04.Сер;male;300;5.0;Lee;0.8;500;Yes;summer;plains;1.0
15;15;04.Чер;female;7000;04.Сер;Wildcraft;0.8;900;Yes;summer;coastal;0.9
23;10;04.Лют;male;700;04.Бер;Pepperfry;0.75;500;No;summer;plains;0.85
15;5;03.Сер;female;400;03.Вер;Max;0.62;300;No;winter;plains;0.65
8;2;04.Тра;male;3000;04.Лип;PUMA;0.85;2000;No;summer;mountains;0.92
45;18;04.Лип;female;2000;04.Сер;Head Hunters;0.9;1800;Yes;winter;plains;0.88
32;12;04.Січ;male;500;04.Лют;Johnson & Johnson;0.78;400;No;monsoon;coastal;0.7
10;3;03.Вер;male;900;03.Лип;Moov;-0.15;700;No;summer;plains;0.4
5;1;03.Лют;female;6000;03.Кві;Pepe Jeans London;0.45;600;Yes;winter;mountains;0.55
28;9;4.0;female;1000;04.Лют;Wildcraft;0.8;900;No;summer;plains;0.78
19;7;04.Бер;male;1500;04.Чер;Kama Ayurveda;0.88;1400;No;winter;mountains;0.9
38;15;04.Чер;female;200;04.Тра;Manyavar Mohey;0.92;180;Yes;monsoon;coastal;0.95
12;4;03.Тра;female;400;03.Чер;Libram;0.55;300;No;winter;plains;0.6
20;6;03.Лип;male;700;03.Вер;Lee;0.7;600;Yes;summer;plains;0.72
7;2;04.Сер;male;2000;04.Вер;Himalaya Liv.52;0.85;1900;No;monsoon;mountains;0.78
42;17;04.Вер;female;3000;04.Лип;Patanjali Ayurved (Health Care);0.82;2500;Yes;winter;plains;0.8
25;8;04.Кві;female;800;04.Тра;Lakme Ayurveda;0.75;700;No;summer;plains;0.68
30;11;04.Бер;male;1000;04.Кві;Flying Machine;0.68;900;Yes;winter;mountains;0.7
14;5;03.Чер;male;500;03.Тра;Fastrack;0.6;400;No;monsoon;coastal;0.5
6;2;3.0;female;6000;03.Січ;Khadi Essentials;0.4;500;Yes;winter;mountains;0.45
35;14;04.Тра;female;300;04.Чер;Allen Solly Woman;0.88;250;No;summer;plains;0.82
18;7;04.Січ;male;900;04.Бер;Whisper;0.65;800;No;winter;plains;0.7
9;3;04.Лип;female;1500;04.Сер;Levis Strauss & Co.;0.9;1300;Yes;summer;mountains;0.85
22;9;4.0;male;400;04.Січ;Wakefit;0.72;300;No;monsoon;coastal;0.65
11;4;03.Сер;female;700;03.Лип;Wild Stone;0.5;600;Yes;winter;mountains;0.55
16;6;04.Лют;female;2000;04.Кві;Forest Essentials;0.78;1800;No;summer;plains;0.75
40;16;04.Кві;male;100;04.Бер;Biovea;0.82;90;No;monsoon;coastal;0.75
29;11;04.Бер;male;600;04.Тра;Johnson & Johnson;0.7;500;No;summer;plains;0.68
13;5;03.Лип;female;5000;03.Вер;Pepperfry;0.6;4500;Yes;winter;mountains;0.65
8;3;04.Чер;female;800;04.Лип;U.S. Polo Assn. Women;0.85;700;No;summer;plains;0.82
36;14;04.Тра;male;3000;04.Сер;Wildcraft;0.92;2700;Yes;winter;mountains;0.88
21;8;04.Лют;female;700;04.Бер;Manyavar Mohey;0.78;600;No;summer;plains;0.72
45;18;04.Сер;male;2000;04.Лип;Lee;0.8;1800;No;winter;plains;0.75
10;4;03.Вер;male;400;03.Сер;Sugar Cosmetics;0.45;300;Yes;summer;plains;0.4
27;10;04.Січ;female;1000;04.Лют;Forest Essentials;0.68;900;No;winter;mountains;0.62
17;7;03.Тра;male;900;03.Лип;Streax;0.55;800;Yes;summer;plains;0.5
33;13;04.Чер;female;1500;04.Тра;Himalaya Liv.52;0.75;1400;No;monsoon;coastal;0.78
5;2;03.Лют;male;600;03.Бер;Allen Solly Woman;0.4;500;Yes;winter;mountains;0.45
39;15;04.Лип;male;100;04.Чер;Moov;0.85;90;No;summer;plains;0.82
24;9;04.Кві;female;2000;04.Тра;Head Hunters;0.9;1800;Yes;winter;plains;0.88
12;4;03.Сер;male;500;03.Лип;Libram;0.62;400;No;summer;plains;0.6
41;16;04.Бер;female;3000;04.Кві;Wakefit;0.72;2800;Yes;winter;mountains;0.75
19;7;03.Вер;male;800;4.0;Vero Moda;0.5;700;No;summer;plains;0.45
30;11;04.Тра;female;1000;04.Чер;PUMA;0.82;900;No;winter;mountains;0.78
14;5;03.Чер;male;700;03.Тра;Pepe Jeans London;0.4;600;Yes;summer;plains;0.35
28;10;04.Сер;male;1500;04.Лип;Godrej Interio;0.75;1400;No;monsoon;coastal;0.7
8;3;03.Бер;female;6000;03.Тра;Zandu;0.35;550;Yes;winter;mountains;0.3
25;9;04.Лют;male;200;04.Кві;Lee Cooper;0.68;190;No;summer;plains;0.65
35;14;04.Чер;female;1000;04.Лип;Manyavar Mohey;0.88;950;No;winter;mountains;0.85
9;4;04.Січ;female;400;04.Бер;Lakme Ayurveda;0.72;300;No;summer;plains;0.68
20;8;03.Лип;male;900;03.Вер;Patanjali Ayurved (Health Care);0.55;800;Yes;winter;plains;0.5
16;6;03.Сер;female;700;4.0;Lijoba;0.62;600;No;summer;plains;0.6
32;12;04.Кві;male;2000;04.Тра;Max;0.8;1800;Yes;winter;plains;0.78
10;3;4.0;female;600;04.Січ;Head Hunters;0.75;500;No;summer;plains;0.72
24;9;04.Чер;male;1000;04.Лип;Flying Machine;0.88;900;No;winter;mountains;0.85
7;2;03.Тра;female;5000;03.Лип;Dettol;0.4;4500;Yes;summer;coastal;0.45
39;15;04.Вер;male;300;04.Сер;Flying Machine;0.92;280;No;monsoon;coastal;0.88
18;7;04.Бер;female;900;04.Кві;Wildcraft;0.78;800;No;summer;plains;0.75
29;11;04.Лип;male;1500;04.Чер;Sugar Cosmetics;0.82;1400;Yes;winter;mountains;0.8
13;5;03.Чер;female;400;03.Тра;Streax;0.5;300;No;summer;plains;0.45
26;10;04.Січ;male;800;04.Бер;Wild Stone;0.7;700;No;winter;plains;0.68
8;3;04.Лют;male;2000;04.Кві;Kama Ayurveda;0.75;1900;Yes;summer;mountains;0.72
34;13;04.Тра;female;100;04.Чер;Dettol;0.9;90;No;monsoon;coastal;0.88
21;8;03.Вер;female;700;04.Січ;Allen Solly Woman;0.65;600;No;summer;plains;0.62
45;18;04.Сер;male;2000;04.Лип;Pepperfry;0.82;1800;Yes;winter;plains;0.8
10;4;03.Лип;male;500;03.Вер;Whisper;0.55;400;No;summer;plains;0.5
27;10;04.Бер;female;1500;04.Тра;Manyavar Mohey;0.72;1400;Yes;winter;mountains;0.68
15;6;03.Сер;female;5000;4.0;Moov;0.45;4500;No;summer;coastal;0.4
31;12;04.Чер;male;300;04.Тра;Flying Machine;0.85;280;No;monsoon;coastal;0.82
6;2;03.Бер;male;800;03.Тра;SleepyCat;0.4;700;No;winter;plains;0.35
38;15;04.Вер;female;1000;04.Сер;Wildcraft;0.9;900;Yes;summer;mountains;0.88
19;7;03.Лип;female;2000;03.Сер;Patanjali Ayurved (Health Care);0.58;1900;No;winter;plains;0.55
22;7;04.Лют;male;1000;04.Чер;Lakme Ayurveda;0.8;700;No;summer;plains;0.85
8;2;03.Вер;female;300;03.Лют;Flying Machine;-0.2;2000;Yes;winter;plains;0.45
35;14;04.Лип;male;5000;04.Сер;Urban Ladder;0.9;9000;Yes;monsoon;mountains;0.95
12;5;04.Тра;female;2000;03.Вер;Dove Hair;0.5;3000;No;spring;plains;0.65
43;18;04.Вер;male;10000;04.Лип;Patanjali Ayurved (Health Care);0.7;4000;No;winter;plains;0.75
5;1;03.Січ;female;100;02.Тра;Manyavar Mohey;-0.8;800;Yes;summer;coastal;0.15
29;10;04.Кві;male;3000;04.Лют;Wildcraft;0.6;6000;No;monsoon;mountains;0.8
17;4;03.Сер;female;1000;03.Чер;Pepe Jeans London;-0.1;700;No;summer;plains;0.4
38;16;04.Чер;male;7000;04.Вер;Allen Solly Woman;0.95;10000;Yes;winter;mountains;0.9
3;0;02.Лют;female;100;01.Сер;Johnson & Johnson;-0.9;200;No;summer;coastal;0.05
25;9;04.Січ;male;500;03.Сер;Head & Shoulders;0.3;4000;No;winter;plains;0.7
10;3;03.Тра;female;2000;03.Кві;Pepperfry;-0.3;500;No;spring;plains;0.5
47;19;04.Сер;male;9000;04.Тра;Dettol;0.85;8000;No;winter;mountains;0.85
2;0;01.Тра;female;100;01.Лют;Libram;-0.95;100;No;summer;coastal;0.025
31;12;04.Бер;male;4000;04.Бер;Lijoba;0.4;3000;No;monsoon;mountains;0.75
14;6;03.Лип;female;300;03.Січ;Max;-0.5;1000;No;spring;plains;0.55
40;17;04.Лип;male;6000;04.Чер;Fastrack;0.75;7000;Yes;monsoon;mountains;0.9
6;1;02.Тра;female;200;02.Лют;Wakefit;-0.7;600;No;spring;plains;0.3
19;8;4.0;male;6000;04.Кві;Kama Ayurveda;0.2;5000;Yes;winter;mountains;0.8
1;0;1.0;female;100;1.0;Biovea;-1.0;100;No;summer;coastal;0.0
34;15;04.Тра;male;8000;04.Сер;Urban Ladder;0.9;9000;Yes;winter;mountains;0.95
9;2;03.Бер;female;400;02.Сер;The Moms Co.;-0.4;800;No;spring;plains;0.45
42;16;04.Вер;male;7000;04.Лип;Himalaya Liv.52;0.8;9000;Yes;monsoon;mountains;0.95
4;0;2.0;female;100;01.Тра;Manyavar Mohey;-0.85;200;No;summer;coastal;0.03
28;11;04.Лют;male;2000;03.Лип;Streax;0.1;2000;No;winter;plains;0.6
18;7;04.Січ;female;700;04.Кві;Khadi Essentials;-0.2;800;No;summer;plains;0.6
37;15;04.Чер;male;6000;04.Лип;Patanjali Ayurved (Health Care);0.7;5000;Yes;winter;mountains;0.8
5;2;02.Сер;female;100;02.Січ;Flying Machine;-0.6;300;No;spring;plains;0.25
23;10;03.Вер;male;2000;03.Тра;Lee;-0.1;2000;No;winter;plains;0.55
46;18;04.Сер;male;9000;04.Вер;Dettol;0.9;10000;Yes;winter;mountains;0.95
3;1;01.Тра;female;100;01.Лют;Manyavar Mohey;-0.9;100;No;summer;coastal;0.025
30;12;04.Бер;male;4000;04.Січ;Lijoba;0.3;3000;No;monsoon;mountains;0.7
15;6;03.Чер;female;500;3.0;Max;-0.4;800;No;spring;plains;0.45
39;16;04.Лип;male;7000;04.Сер;Fastrack;0.8;8000;Yes;monsoon;mountains;0.9
1;0;1.0;female;100;1.0;Biovea;-1.0;100;No;summer;coastal;0.0
26;11;4.0;male;3000;03.Вер;Johnson & Johnson;0.1;3000;No;winter;plains;0.65
11;4;03.Кві;female;300;02.Лип;Wakefit;-0.5;500;No;spring;plains;0.4
44;17;04.Сер;male;8000;04.Чер;Urban Ladder;0.85;9000;Yes;winter;mountains;0.95
4;1;2.0;female;200;01.Сер;Manyavar Mohey;-0.85;200;No;summer;coastal;0.03
32;13;04.Кві;male;5000;04.Тра;Dettol;0.6;6000;No;monsoon;mountains;0.8
13;5;03.Тра;female;700;03.Лют;Pepperfry;-0.3;900;No;spring;plains;0.5
41;17;04.Вер;male;7000;04.Сер;Himalaya Liv.52;0.85;8000;Yes;monsoon;mountains;0.95
7;2;02.Лют;female;100;01.Вер;Libram;-0.7;300;No;summer;coastal;0.15
29;12;04.Бер;male;4000;04.Лют;Lijoba;0.4;3000;No;monsoon;mountains;0.7
16;7;03.Сер;female;600;03.Бер;Pepe Jeans London;-0.2;1000;No;spring;plains;0.55
38;16;04.Лип;male;7000;04.Вер;Allen Solly Woman;0.9;10000;Yes;winter;mountains;0.9
2;0;1.0;female;100;1.0;Biovea;-1.0;100;No;summer;coastal;0.0
27;11;04.Січ;male;4000;03.Сер;Head & Shoulders;0.2;4000;No;winter;plains;0.7
9;3;03.Лют;female;400;02.Вер;The Moms Co.;-0.4;800;No;spring;plains;0.45
48;19;04.Вер;male;10000;04.Чер;Dettol;0.9;9000;Yes;winter;mountains;0.95
6;1;02.Тра;female;200;02.Лют;Wakefit;-0.6;600;No;spring;plains;0.3
34;14;04.Тра;male;8000;04.Сер;Urban Ladder;0.9;9000;Yes;winter;mountains;0.95
10;4;03.Бер;female;500;02.Сер;The Moms Co.;-0.5;900;No;spring;plains;0.4
45;18;04.Сер;male;9000;04.Вер;Dettol;0.9;10000;Yes;winter;mountains;0.95
8;2;02.Сер;female;200;02.Січ;Flying Machine;-0.7;300;No;spring;plains;0.25
33;13;04.Кві;male;5000;04.Тра;Dettol;0.7;6000;No;monsoon;mountains;0.8
12;5;03.Кві;female;600;03.Січ;Pepperfry;-0.3;1000;No;spring;plains;0.5
50;20;5.0;male;10000;04.Сер;Streax;1.0;10000;Yes;winter;mountains;1.0
21;9;03.Вер;female;800;03.Чер;Kama Ayurveda;-0.1;600;No;spring;plains;0.55
49;19;04.Вер;male;10000;04.Сер;Himalaya Liv.52;0.9;9000;Yes;monsoon;mountains;0.95
14;6;03.Тра;female;700;03.Лют;Pepperfry;-0.4;900;No;spring;plains;0.5
36;15;04.Тра;male;6000;04.Лип;Patanjali Ayurved (Health Care);0.8;5000;Yes;winter;mountains;0.85
17;8;03.Лип;female;900;03.Кві;Max;-0.2;1200;No;spring;plains;0.6
43;17;04.Сер;male;8000;04.Лип;Himalaya Liv.52;0.9;8000;Yes;winter;mountains;0.95
19;7;03.Сер;female;700;03.Тра;Khadi Essentials;-0.3;700;No;spring;plains;0.55
35;14;04.Чер;male;7000;04.Вер;Allen Solly Woman;0.95;10000;Yes;winter;mountains;0.9
20;8;03.Сер;female;800;03.Тра;Khadi Essentials;-0.2;800;No;spring;plains;0.6
47;19;04.Вер;male;10000;04.Лип;Himalaya Liv.52;0.9;9000;Yes;monsoon;mountains;0.95
22;10;4.0;female;800;03.Лип;Kama Ayurveda;-0.1;700;No;spring;plains;0.6
40;16;04.Лип;male;7000;04.Сер;Fastrack;0.85;8000;Yes;monsoon;mountains;0.9
25;11;04.Лют;female;1000;03.Сер;Flying Machine;-0.1;1500;No;spring;plains;0.6
42;18;04.Сер;male;8000;04.Чер;Himalaya Liv.52;0.9;8000;Yes;monsoon;mountains;0.95
7;3;02.Тра;female;200;02.Лют;Wakefit;-0.7;600;No;spring;plains;0.3
27;12;04.Січ;male;5000;04.Бер;Dettol;0.5;5000;No;monsoon;mountains;0.8
44;18;04.Сер;male;9000;04.Лип;Himalaya Liv.52;0.9;9000;Yes;winter;mountains;0.95
3;1;01.Тра;female;100;01.Бер;Manyavar Mohey;-0.8;100;No;summer;coastal;0.025
29;13;04.Кві;male;4000;04.Січ;Lijoba;0.4;3000;No;monsoon;mountains;0.7
16;7;03.Лип;female;600;03.Бер;Pepe Jeans London;-0.2;1000;No;spring;plains;0.55
46;19;04.Вер;male;10000;04.Сер;Dettol;0.9;9000;Yes;winter;mountains;0.95
2;0;1.0;female;100;01.Січ;Libram;-0.9;100;No;summer;coastal;0.0
30;13;04.Тра;male;5000;04.Чер;Dettol;0.6;6000;No;monsoon;mountains;0.85
13;6;03.Чер;female;800;03.Кві;Pepperfry;-0.4;1100;No;spring;plains;0.55
45;19;04.Вер;male;10000;04.Сер;Himalaya Liv.52;0.9;10000;Yes;monsoon;mountains;0.95
8;3;3.0;female;300;02.Тра;Flying Machine;-0.6;400;No;spring;plains;0.35
33;14;04.Кві;male;6000;04.Лип;Patanjali Ayurved (Health Care);0.7;5000;Yes;winter;mountains;0.85
11;5;03.Кві;female;600;3.0;Pepperfry;-0.5;1100;No;spring;plains;0.5
48;20;5.0;male;10000;04.Вер;Himalaya Liv.52;0.95;10000;Yes;winter;mountains;1.0
4;1;2.0;female;200;01.Вер;Manyavar Mohey;-0.8;200;No;summer;coastal;0.03
28;12;4.0;male;5000;03.Сер;Head & Shoulders;0.3;5000;No;monsoon;mountains;0.75
14;7;03.Сер;female;700;03.Тра;Pepperfry;-0.3;1200;No;spring;plains;0.6
43;18;04.Сер;male;9000;04.Лип;Himalaya Liv.52;0.9;9000;Yes;winter;mountains;0.95
9;4;03.Лют;female;400;02.Лип;The Moms Co.;-0.5;1000;No;spring;plains;0.4
34;15;04.Тра;male;8000;04.Вер;Allen Solly Woman;0.95;10000;Yes;winter;mountains;0.9
12;6;03.Тра;female;800;03.Бер;Pepperfry;-0.4;1100;No;spring;plains;0.55
49;20;04.Вер;male;10000;04.Сер;Himalaya Liv.52;0.9;10000;Yes;monsoon;mountains;0.95
5;2;02.Бер;female;200;2.0;Flying Machine;-0.7;500;No;spring;plains;0.3
31;14;04.Тра;male;6000;04.Лип;Patanjali Ayurved (Health Care);0.75;6000;No;monsoon;mountains;0.85
15;8;03.Вер;female;900;03.Чер;Max;-0.2;1300;No;spring;plains;0.65
47;19;04.Вер;male;10000;04.Лип;Himalaya Liv.52;0.9;9000;Yes;monsoon;mountains;0.95
10;5;03.Бер;female;600;03.Січ;The Moms Co.;-0.4;1100;No;spring;plains;0.5
36;16;04.Чер;male;7000;04.Сер;Patanjali Ayurved (Health Care);0.8;5000;Yes;winter;mountains;0.85
17;8;03.Сер;female;900;03.Тра;Max;-0.2;1300;No;spring;plains;0.6
50;20;5.0;male;10000;04.Вер;Streax;1.0;10000;Yes;winter;mountains;1.0
32;14;04.Тра;male;6000;04.Сер;Patanjali Ayurved (Health Care);0.8;6000;Yes;winter;mountains;0.9
18;9;4.0;female;1000;03.Лип;Khadi Essentials;-0.1;800;No;spring;plains;0.6
37;16;04.Лип;male;7000;04.Сер;Patanjali Ayurved (Health Care);0.85;6000;Yes;winter;mountains;0.9
19;8;03.Сер;female;800;03.Чер;Khadi Essentials;-0.3;700;No;spring;plains;0.55
38;17;04.Лип;male;7000;04.Сер;Fastrack;0.9;8000;Yes;monsoon;mountains;0.95
6;2;02.Тра;female;200;02.Бер;Wakefit;-0.6;600;No;spring;plains;0.3
35;15;04.Чер;male;6000;04.Вер;Allen Solly Woman;0.95;10000;Yes;winter;mountains;0.9
21;10;04.Січ;female;1000;03.Сер;Kama Ayurveda;-0.1;700;No;spring;plains;0.6
39;17;04.Сер;male;8000;04.Лип;Himalaya Liv.52;0.9;8000;Yes;winter;mountains;0.95
20;9;4.0;female;1000;03.Лип;Khadi Essentials;-0.2;800;No;spring;plains;0.6
40;17;04.Сер;male;7000;04.Вер;Allen Solly Woman;0.95;10000;Yes;winter;mountains;0.9
26;12;04.Лют;female;1000;03.Вер;Flying Machine;-0.1;1500;No;spring;plains;0.6
41;18;04.Сер;male;8000;04.Лип;Himalaya Liv.52;0.9;8000;Yes;monsoon;mountains;0.95
8;4;3.0;female;300;02.Чер;Flying Machine;-0.6;400;No;spring;plains;0.35
34;15;04.Кві;male;6000;04.Лип;Patanjali Ayurved (Health Care);0.75;5000;Yes;winter;mountains;0.85
45;19;04.Вер;male;10000;04.Сер;Himalaya Liv.52;0.9;10000;Yes;monsoon;mountains;0.95
4;2;02.Лют;female;200;2.0;Manyavar Mohey;-0.8;300;No;summer;coastal;0.025
30;14;04.Тра;male;5000;04.Чер;Dettol;0.7;6000;No;monsoon;mountains;0.85
17;8;03.Сер;female;700;03.Кві;Max;-0.2;1200;No;spring;plains;0.6
47;20;5.0;male;10000;04.Вер;Himalaya Liv.52;0.95;10000;Yes;winter;mountains;1.0
2;1;01.Бер;female;100;01.Лют;Manyavar Mohey;-0.9;100;No;summer;coastal;0.015
31;15;04.Чер;male;6000;04.Сер;Patanjali Ayurved (Health Care);0.8;6000;Yes;winter;mountains;0.9
14;7;03.Вер;female;800;03.Чер;Pepperfry;-0.3;1100;No;spring;plains;0.6
48;20;5.0;male;10000;04.Вер;Himalaya Liv.52;0.95;10000;Yes;winter;mountains;1.0
6;3;02.Тра;female;200;02.Бер;Wakefit;-0.6;600;No;spring;plains;0.3
32;15;04.Кві;male;6000;04.Лип;Patanjali Ayurved (Health Care);0.75;6000;Yes;winter;mountains;0.85
15;8;03.Вер;female;900;03.Тра;Max;-0.2;1300;No;spring;plains;0.65
48;19;04.Вер;male;10000;04.Сер;Himalaya Liv.52;0.9;9000;Yes;monsoon;mountains;0.95
10;6;03.Лют;female;600;03.Січ;The Moms Co.;-0.4;1100;No;spring;plains;0.5
37;17;04.Лип;male;7000;04.Сер;Patanjali Ayurved (Health Care);0.85;6000;Yes;winter;mountains;0.9
12;7;03.Тра;female;800;03.Бер;Pepperfry;-0.4;1100;No;spring;plains;0.55
49;20;04.Вер;male;10000;04.Сер;Himalaya Liv.52;0.9;10000;Yes;monsoon;mountains;0.95
5;3;02.Тра;female;200;02.Січ;Flying Machine;-0.7;500;No;spring;plains;0.3
33;15;04.Кві;male;6000;04.Сер;Patanjali Ayurved (Health Care);0.8;6000;No;winter;mountains;0.9
13;7;03.Лип;female;900;03.Тра;Pepperfry;-0.3;1200;No;spring;plains;0.6
50;20;5.0;male;10000;04.Вер;Streax;1.0;10000;Yes;winter;mountains;1.0
7;3;02.Тра;female;200;02.Лют;Wakefit;-0.6;600;No;spring;plains;0.3
35;16;04.Чер;male;6000;04.Вер;Allen Solly Woman;0.95;10000;Yes;winter;mountains;0.9
20;10;4.0;female;1000;03.Лип;Khadi Essentials;-0.2;800;No;spring;plains;0.6
38;18;04.Сер;male;7000;04.Сер;Fastrack;0.9;8000;Yes;monsoon;mountains;0.95
9;5;03.Лют;female;600;3.0;The Moms Co.;-0.4;1100;No;spring;plains;0.5
36;17;04.Чер;male;7000;04.Сер;Patanjali Ayurved (Health Care);0.85;6000;Yes;winter;mountains;0.9
11;6;03.Кві;female;700;03.Лют;Pepperfry;-0.4;1200;No;spring;plains;0.55
47;20;04.Вер;male;10000;04.Сер;Himalaya Liv.52;0.9;9000;Yes;monsoon;mountains;0.95
6;4;02.Чер;female;200;02.Кві;Wakefit;-0.5;700;No;spring;plains;0.35
32;16;04.Кві;male;6000;04.Лип;Patanjali Ayurved (Health Care);0.8;6000;No;winter;mountains;0.9
14;8;4.0;female;1000;03.Сер;Pepperfry;-0.3;1200;No;spring;plains;0.6
49;20;04.Вер;male;10000;04.Сер;Himalaya Liv.52;0.9;10000;Yes;monsoon;mountains;0.95
5;4;02.Лип;female;200;02.Лют;Flying Machine;-0.7;500;No;spring;plains;0.3
33;16;04.Тра;male;6000;04.Сер;Patanjali Ayurved (Health Care);0.8;6000;No;winter;mountains;0.9
15;9;04.Січ;female;1000;03.Сер;Max;-0.2;1300;No;spring;plains;0.65
48;20;04.Вер;male;10000;04.Сер;Himalaya Liv.52;0.9;10000;Yes;winter;mountains;0.95
7;4;02.Лип;female;200;02.Бер;Wakefit;-0.5;700;No;spring;plains;0.35
34;16;04.Тра;male;6000;04.Сер;Patanjali Ayurved (Health Care);0.8;6000;No;winter;mountains;0.9
16;8;03.Вер;female;900;03.Чер;Pepe Jeans London;-0.2;1000;No;spring;plains;0.6
50;20;5.0;male;10000;04.Вер;Streax;1.0;10000;Yes;winter;mountains;1.0
8;5;3.0;female;300;02.Лип;Flying Machine;-0.6;400;No;spring;plains;0.35
35;17;04.Чер;male;7000;04.Сер;Allen Solly Woman;0.9;10000;Yes;winter;mountains;0.9
21;11;04.Січ;female;1000;03.Сер;Kama Ayurveda;-0.1;800;No;spring;plains;0.6
37;18;04.Лип;male;7000;04.Сер;Patanjali Ayurved (Health Care);0.85;6000;Yes;winter;mountains;0.9
10;7;03.Лют;female;600;3.0;The Moms Co.;-0.4;1100;No;spring;plains;0.5
38;19;04.Сер;male;7000;04.Сер;Fastrack;0.9;8000;Yes;monsoon;mountains;0.95
12;7;03.Тра;female;800;03.Бер;Pepperfry;-0.4;1100;No;spring;plains;0.55
39;19;04.Сер;male;8000;04.Лип;Himalaya Liv.52;0.9;8000;Yes;winter;mountains;0.95
6;5;02.Сер;female;200;02.Тра;Wakefit;-0.5;800;No;spring;plains;0.35
32;17;04.Тра;male;6000;04.Сер;Patanjali Ayurved (Health Care);0.8;6000;No;winter;mountains;0.9
13;8;03.Чер;female;900;03.Кві;Pepperfry;-0.3;1200;No;spring;plains;0.6
49;20;04.Вер;male;10000;04.Сер;Himalaya Liv.52;0.9;9000;Yes;monsoon;mountains;0.95
5;5;02.Сер;female;200;02.Кві;Flying Machine;-0.7;500;No;spring;plains;0.3
33;17;04.Тра;male;6000;04.Сер;Patanjali Ayurved (Health Care);0.8;6000;No;winter;mountains;0.9
14;9;4.0;female;1000;03.Сер;Pepperfry;-0.3;1200;No;spring;plains;0.6
50;20;5.0;male;10000;04.Вер;Streax;1.0;10000;Yes;winter;mountains;1.0
8;6;3.0;female;300;02.Сер;Flying Machine;-0.6;400;No;spring;plains;0.35
35;18;04.Чер;male;7000;04.Сер;Allen Solly Woman;0.9;10000;Yes;winter;mountains;0.9
22;12;04.Лют;female;1000;03.Вер;Kama Ayurveda;-0.1;800;No;spring;plains;0.6
37;19;04.Лип;male;7000;04.Сер;Patanjali Ayurved (Health Care);0.85;6000;Yes;winter;mountains;0.9
11;7;03.Бер;female;700;03.Січ;Pepperfry;-0.4;1200;No;spring;plains;0.55
38;20;04.Сер;male;7000;04.Сер;Fastrack;0.9;8000;Yes;monsoon;mountains;0.95
7;5;02.Вер;female;200;02.Чер;Wakefit;-0.5;800;No;spring;plains;0.35
34;18;04.Чер;male;7000;04.Сер;Patanjali Ayurved (Health Care);0.9;7000;No;winter;mountains;0.9
15;10;04.Січ;female;1000;03.Вер;Max;-0.1;1300;No;spring;plains;0.65
40;19;04.Сер;male;7000;04.Сер;Fastrack;0.9;8000;Yes;monsoon;mountains;0.95
9;6;03.Січ;female;300;02.Вер;The Moms Co.;-0.4;1100;No;spring;plains;0.5
40;20;04.Сер;male;7000;04.Сер;Fastrack;0.9;8000;Yes;monsoon;mountains;0.95
7;6;3.0;female;300;02.Вер;Wakefit;-0.4;800;No;spring;plains;0.5
35;19;04.Лип;male;7000;04.Сер;Allen Solly Woman;0.9;10000;Yes;winter;mountains;0.9
23;13;04.Бер;female;1000;4.0;Kama Ayurveda;0.0;800;No;spring;plains;0.6
38;20;04.Сер;male;7000;04.Сер;Fastrack;0.9;8000;Yes;monsoon;mountains;0.95
8;7;03.Січ;female;300;3.0;Flying Machine;-0.6;400;No;spring;plains;0.35
36;18;04.Лип;male;7000;04.Сер;Patanjali Ayurved (Health Care);0.85;6000;Yes;winter;mountains;0.9
12;8;03.Чер;female;800;03.Кві;Pepperfry;-0.3;1200;No;spring;plains;0.6
50;20;5.0;male;10000;04.Вер;Streax;1.0;10000;Yes;winter;mountains;1.0
9;7;03.Січ;female;300;02.Вер;The Moms Co.;-0.4;1100;No;spring;plains;0.5
41;20;04.Сер;male;8000;04.Лип;Himalaya Liv.52;0.9;8000;Yes;monsoon;mountains;0.95
7;7;3.0;female;300;02.Сер;Wakefit;-0.4;800;No;spring;plains;0.5
36;19;04.Сер;male;7000;04.Сер;Patanjali Ayurved (Health Care);0.85;6000;Yes;winter;mountains;0.9
13;9;03.Лип;female;900;03.Тра;Pepperfry;-0.3;1200;No;spring;plains;0.6
50;20;5.0;male;10000;04.Вер;Streax;1.0;10000;Yes;winter;mountains;1.0
10;7;03.Лют;female;600;3.0;The Moms Co.;-0.4;1100;No;spring;plains;0.5
37;20;04.Сер;male;7000;04.Сер;Patanjali Ayurved (Health Care);0.85;6000;Yes;winter;mountains;0.9
14;10;4.0;female;1000;03.Вер;Pepperfry;-0.3;1200;No;spring;plains;0.6
20;5;04.Бер;female;300;04.Лип;Flying Machine;0.8;700;No;summer;plains;0.9
10;2;03.Сер;male;1000;04.Лют;Max;0.6;500;Yes;winter;plains;0.6
5;1;04.Тра;female;1000;03.Вер;Lee;0.9;900;No;monsoon;coastal;0.8
15;3;04.Лют;female;2000;04.Сер;Fastrack;0.7;1000;Yes;spring;mountains;0.7
8;0;4.0;male;400;03.Тра;Wildcraft;-0.3;800;No;winter;mountains;0.3
25;7;04.Сер;male;5000;04.Вер;PUMA;0.9;700;No;summer;plains;0.9
30;10;04.Лип;female;1000;04.Чер;HRX;0.5;400;Yes;winter;plains;0.8
12;4;03.Тра;female;2000;03.Кві;Mothercare;-0.1;900;No;summer;coastal;0.4
40;15;04.Вер;male;8000;04.Лип;Johnson & Johnson;0.9;200;Yes;monsoon;plains;0.9
5;0;02.Тра;male;1000;02.Сер;The Moms Co.;-0.6;100;No;summer;mountains;0.1
18;6;04.Січ;female;3000;04.Тра;Wakefit;0.8;600;Yes;winter;plains;0.7
22;8;04.Чер;female;600;04.Кві;SleepyCat;0.4;300;Yes;spring;mountains;0.6
3;0;3.0;male;700;03.Лют;Duroflex;-0.5;1000;Yes;summer;plains;0.2
45;18;04.Вер;male;9000;04.Вер;Pepperfry;0.9;900;Yes;summer;coastal;1.0
7;2;03.Лип;female;200;03.Сер;Godrej Interio;0.2;300;No;winter;mountains;0.5
10;2;4.0;male;800;04.Січ;Urban Ladder;0.7;700;Yes;summer;mountains;0.8
28;12;04.Тра;female;1500;04.Чер;Khadi Essentials;0.6;200;No;summer;plains;0.8
35;14;04.Сер;male;4000;04.Сер;Forest Essentials;0.8;500;Yes;spring;mountains;0.9
2;0;2.0;male;200;02.Бер;Kama Ayurveda;-0.9;100;No;winter;plains;0.1
16;5;03.Вер;female;500;03.Лип;Sugar Cosmetics;0.3;800;No;monsoon;coastal;0.5
6;1;03.Лют;male;6000;03.Чер;Lakme Ayurveda;-0.2;600;Yes;winter;mountains;0.4
38;16;04.Лип;female;7000;04.Лип;Biovea;0.9;100;Yes;spring;plains;1.0
9;3;03.Чер;male;900;03.Бер;Patanjali Ayurved (Health Care);-0.4;400;No;winter;plains;0.2
14;4;04.Кві;female;4000;04.Кві;Dabur Chyawanprash;0.2;800;No;summer;plains;0.7
21;7;04.Чер;female;2000;04.Тра;AmazonBasics;0.7;800;Yes;summer;plains;0.8
33;11;04.Бер;male;3000;04.Лют;Flying Machine;0.4;700;Yes;monsoon;coastal;0.6
8;1;03.Лип;male;500;03.Сер;Max;0.3;300;No;summer;plains;0.4
11;3;04.Січ;female;7000;04.Кві;Lee;0.8;900;Yes;spring;coastal;0.9
25;8;04.Сер;male;10000;04.Вер;Spyker;0.9;600;Yes;summer;mountains;1.0
5;2;02.Вер;female;400;03.Січ;Fastrack;-0.5;400;No;winter;plains;0.1
17;6;04.Тра;male;2000;04.Бер;Wildcraft;0.6;700;Yes;summer;plains;0.8
29;9;04.Лип;male;700;04.Чер;Head Hunters;0.7;800;Yes;summer;plains;0.8
4;0;2.0;female;1000;02.Бер;PUMA;-0.8;200;No;monsoon;coastal;0.1
14;4;03.Вер;male;3000;04.Лют;HRX;0.5;900;No;winter;plains;0.7
6;2;03.Лют;female;4000;03.Тра;Mothercare;0.1;500;Yes;summer;mountains;0.3
19;5;04.Лют;female;6000;04.Лип;Johnson & Johnson;0.8;1000;Yes;winter;plains;0.9
22;10;04.Кві;male;1500;04.Чер;The Moms Co.;0.3;300;Yes;summer;coastal;0.5
12;3;03.Сер;female;5000;03.Вер;Wakefit;0.6;200;Yes;monsoon;mountains;0.7
27;13;04.Чер;male;8000;04.Сер;SleepyCat;0.9;700;Yes;winter;plains;0.9
8;2;3.0;female;200;03.Кві;Duroflex;-0.2;600;Yes;summer;coastal;0.4
36;15;04.Вер;male;900;04.Сер;Pepperfry;0.8;800;Yes;summer;mountains;0.9
15;5;03.Сер;female;300;03.Чер;Godrej Interio;0.2;900;No;winter;plains;0.5
10;3;03.Тра;male;6000;03.Лип;Urban Ladder;0.5;400;Yes;spring;plains;0.6
24;8;04.Бер;female;2000;04.Тра;Khadi Essentials;0.7;800;Yes;summer;coastal;0.9
31;12;04.Сер;male;4000;04.Лип;Forest Essentials;0.9;600;Yes;summer;plains;1.0
3;1;02.Тра;male;300;02.Лип;Kama Ayurveda;-0.7;500;No;summer;mountains;0.1
16;4;03.Чер;female;8000;03.Сер;Sugar Cosmetics;0.1;200;Yes;winter;coastal;0.2
9;2;3.0;male;700;03.Бер;Lakme Ayurveda;-0.3;100;No;summer;plains;0.2
39;17;04.Сер;female;8000;04.Сер;Biovea;0.9;500;Yes;spring;coastal;1.0
7;1;02.Сер;male;500;3.0;Patanjali Ayurved (Health Care);-0.6;300;No;winter;plains;0.1
20;6;04.Січ;female;4000;04.Лют;Dabur Chyawanprash;0.4;700;Yes;summer;mountains;0.7
23;7;04.Лип;female;600;04.Чер;AmazonBasics;0.8;400;Yes;winter;plains;0.8
35;12;04.Кві;male;2000;04.Бер;Flying Machine;0.5;300;No;summer;coastal;0.7
10;2;03.Чер;male;5000;03.Сер;Max;0.2;800;Yes;summer;mountains;0.5
13;4;4.0;female;9000;04.Тра;Lee;0.9;600;Yes;winter;coastal;0.9
26;9;04.Сер;male;10000;04.Вер;Spyker;0.9;900;Yes;spring;mountains;1.0
6;1;02.Сер;female;300;3.0;Fastrack;-0.4;200;No;summer;plains;0.1
18;7;04.Чер;male;1500;04.Кві;Wildcraft;0.7;400;Yes;summer;plains;0.8
30;10;04.Тра;male;800;04.Чер;Head Hunters;0.8;500;Yes;monsoon;plains;0.8
5;0;01.Сер;female;1500;02.Лют;PUMA;-0.9;100;No;summer;coastal;0.0
16;5;03.Сер;male;4000;04.Січ;HRX;0.4;700;Yes;summer;mountains;0.7
7;2;03.Січ;female;5000;03.Бер;Mothercare;0.1;300;Yes;winter;coastal;0.4
20;6;04.Бер;female;700;04.Лип;Johnson & Johnson;0.8;800;Yes;summer;plains;0.9
24;8;04.Тра;male;1000;04.Лип;The Moms Co.;0.4;600;Yes;winter;plains;0.6
14;4;03.Вер;female;6000;4.0;Wakefit;0.6;200;Yes;summer;plains;0.5
28;14;04.Лип;male;9000;04.Сер;SleepyCat;0.9;1000;Yes;winter;mountains;0.9
9;2;02.Вер;female;200;03.Лют;Duroflex;-0.1;500;Yes;summer;mountains;0.3
38;16;04.Вер;male;800;04.Сер;Pepperfry;0.9;900;Yes;spring;plains;1.0
12;3;03.Лип;female;500;03.Тра;Godrej Interio;0.3;600;Yes;summer;mountains;0.6
11;4;03.Кві;male;7000;03.Чер;Urban Ladder;0.6;800;Yes;winter;plains;0.8
22;7;04.Лют;female;2500;04.Кві;Khadi Essentials;0.7;700;Yes;summer;coastal;0.9
32;13;04.Вер;male;4500;04.Лип;Forest Essentials;0.9;500;Yes;summer;plains;1.0
4;1;02.Бер;male;400;02.Чер;Kama Ayurveda;-0.6;400;No;summer;coastal;0.2
15;6;03.Лип;female;10000;03.Вер;Sugar Cosmetics;0.2;300;Yes;winter;plains;0.3
8;3;02.Сер;male;600;03.Січ;Lakme Ayurveda;-0.4;700;Yes;summer;mountains;0.3
37;18;04.Сер;female;7000;04.Сер;Biovea;0.9;600;Yes;spring;coastal;1.0
6;1;02.Лип;male;800;02.Вер;Patanjali Ayurved (Health Care);-0.7;200;No;summer;plains;0.1
19;5;4.0;female;4500;04.Січ;Dabur Chyawanprash;0.5;800;Yes;summer;coastal;0.7
25;8;04.Сер;female;700;04.Лип;AmazonBasics;0.9;700;Yes;winter;plains;0.9
38;13;04.Тра;male;2500;04.Кві;Flying Machine;0.6;500;Yes;summer;coastal;0.8
12;2;03.Тра;male;6000;03.Лип;Max;0.3;600;Yes;summer;mountains;0.5
15;5;03.Вер;female;8000;04.Бер;Lee;0.8;300;Yes;winter;coastal;0.8
28;10;04.Лип;male;9000;04.Вер;Spyker;0.9;1000;Yes;spring;mountains;1.0
7;1;02.Чер;female;500;02.Сер;Fastrack;-0.5;300;No;summer;plains;0.1
21;6;04.Тра;male;1000;04.Бер;Wildcraft;0.7;500;Yes;summer;plains;0.8
32;11;04.Чер;male;800;04.Лип;Head Hunters;0.8;400;Yes;monsoon;plains;0.8
4;0;01.Чер;female;2000;2.0;PUMA;-0.9;200;No;summer;coastal;0.0
14;4;03.Чер;male;4500;03.Вер;HRX;0.5;800;Yes;summer;mountains;0.7
8;2;3.0;female;6000;03.Лют;Mothercare;0.2;400;Yes;winter;coastal;0.4
19;7;04.Січ;female;800;04.Тра;Johnson & Johnson;0.7;700;Yes;summer;plains;0.9
23;9;04.Бер;male;1500;04.Чер;The Moms Co.;0.4;500;Yes;winter;plains;0.6
13;3;03.Сер;female;5000;03.Вер;Wakefit;0.6;300;Yes;summer;plains;0.5
30;15;04.Чер;male;9500;04.Сер;SleepyCat;0.9;1100;Yes;winter;mountains;0.9
11;1;02.Лип;female;100;3.0;Duroflex;-0.1;600;Yes;summer;mountains;0.3
39;17;04.Вер;male;750;04.Вер;Pepperfry;0.9;1000;Yes;spring;plains;1.0
10;3;03.Кві;female;400;03.Чер;Godrej Interio;0.3;700;Yes;summer;mountains;0.6
9;5;03.Лют;male;6500;03.Кві;Urban Ladder;0.6;900;Yes;winter;plains;0.8
25;8;04.Кві;female;2800;04.Тра;Khadi Essentials;0.8;800;Yes;summer;coastal;0.9
36;14;04.Сер;male;4200;04.Лип;Forest Essentials;0.9;700;Yes;summer;plains;1.0
3;1;02.Січ;male;500;02.Тра;Kama Ayurveda;-0.8;300;No;summer;coastal;0.1
17;6;03.Сер;female;12000;03.Вер;Sugar Cosmetics;0.3;400;Yes;winter;plains;0.3
7;2;02.Чер;male;800;02.Вер;Lakme Ayurveda;-0.5;800;Yes;summer;mountains;0.3
40;19;04.Сер;female;9000;04.Сер;Biovea;0.9;700;Yes;spring;coastal;1.0
6;1;02.Тра;male;700;02.Сер;Patanjali Ayurved (Health Care);-0.8;300;No;summer;plains;0.1
18;6;4.0;female;5000;04.Січ;Dabur Chyawanprash;0.6;900;Yes;summer;coastal;0.7
24;9;04.Вер;female;800;04.Сер;AmazonBasics;0.9;800;Yes;winter;plains;0.9
41;14;04.Чер;male;2700;04.Тра;Flying Machine;0.7;600;Yes;summer;coastal;0.8
11;2;03.Кві;male;7000;03.Чер;Max;0.4;700;Yes;summer;mountains;0.6
14;4;4.0;female;8500;04.Кві;Lee;0.9;400;Yes;winter;coastal;0.9
30;11;04.Чер;male;11000;04.Сер;Spyker;0.9;1200;Yes;spring;mountains;1.0
8;1;02.Кві;female;600;02.Чер;Fastrack;-0.6;400;No;summer;plains;0.1
22;7;04.Кві;male;1200;04.Лют;Wildcraft;0.8;600;Yes;summer;plains;0.8
33;12;04.Лип;male;900;04.Сер;Head Hunters;0.8;500;Yes;monsoon;plains;0.8
5;0;01.Кві;female;2500;01.Сер;PUMA;-1.0;300;No;summer;coastal;0.0
16;6;03.Лип;male;4500;4.0;HRX;0.5;900;Yes;summer;mountains;0.7
6;3;02.Сер;female;5500;03.Січ;Mothercare;0.2;500;Yes;winter;coastal;0.4
20;8;04.Лют;female;900;04.Чер;Johnson & Johnson;0.7;800;Yes;summer;plains;0.9
25;10;04.Тра;male;1300;04.Лип;The Moms Co.;0.4;600;Yes;winter;plains;0.6
15;5;03.Лип;female;6000;03.Вер;Wakefit;0.7;400;Yes;summer;plains;0.6
32;16;04.Сер;male;10000;04.Вер;SleepyCat;0.9;1300;Yes;winter;mountains;0.9
10;2;02.Лип;female;300;3.0;Duroflex;-0.1;700;Yes;summer;mountains;0.3
40;18;04.Вер;male;800;04.Сер;Pepperfry;0.9;1100;Yes;spring;plains;1.0
9;1;02.Кві;female;600;02.Лип;Godrej Interio;0.3;800;Yes;summer;mountains;0.6
13;6;03.Бер;male;7500;03.Тра;Urban Ladder;0.7;1000;Yes;winter;plains;0.8
28;9;04.Бер;female;2200;04.Тра;Khadi Essentials;0.8;900;Yes;summer;coastal;0.9
34;15;04.Вер;male;5000;04.Сер;Forest Essentials;0.9;800;Yes;summer;plains;1.0
2;0;01.Сер;male;700;02.Бер;Kama Ayurveda;-0.9;400;No;summer;coastal;0.1
18;7;03.Вер;female;13000;4.0;Sugar Cosmetics;0.3;500;Yes;winter;plains;0.3
8;3;02.Кві;male;700;02.Сер;Lakme Ayurveda;-0.6;900;Yes;summer;mountains;0.3
41;20;04.Вер;female;8500;04.Сер;Biovea;0.9;800;Yes;spring;coastal;1.0
7;1;02.Бер;male;1000;02.Чер;Patanjali Ayurved (Health Care);-0.9;300;No;summer;plains;0.1
21;6;03.Вер;female;6000;04.Січ;Dabur Chyawanprash;0.7;1000;Yes;summer;coastal;0.8
26;10;04.Вер;female;900;04.Вер;AmazonBasics;0.9;900;Yes;winter;plains;0.9
44;15;04.Лип;male;2900;04.Чер;Flying Machine;0.8;700;Yes;summer;coastal;0.9
10;3;03.Лют;male;8000;03.Тра;Max;0.4;800;Yes;summer;mountains;0.6
16;4;03.Сер;female;9000;04.Лют;Lee;0.9;500;Yes;winter;coastal;0.9
31;12;04.Лип;male;13500;04.Вер;Spyker;0.9;1400;Yes;spring;mountains;1.0
9;1;02.Лют;female;800;02.Кві;Fastrack;-0.7;500;No;summer;plains;0.1
23;8;04.Чер;male;1400;04.Бер;Wildcraft;0.8;700;Yes;summer;plains;0.8
35;13;04.Сер;male;1000;04.Вер;Head Hunters;0.9;600;Yes;monsoon;plains;0.9
6;0;01.Лют;female;3000;01.Чер;PUMA;-1.0;400;No;summer;coastal;0.0
17;7;03.Сер;male;5500;04.Січ;HRX;0.6;1000;Yes;summer;mountains;0.7
7;4;02.Чер;female;6500;02.Вер;Mothercare;0.2;600;Yes;winter;coastal;0.4
21;9;04.Січ;female;1000;04.Чер;Johnson & Johnson;0.8;900;Yes;summer;plains;0.9
26;11;04.Кві;male;1500;04.Сер;The Moms Co.;0.5;700;Yes;winter;plains;0.6
16;5;03.Чер;female;7000;03.Сер;Wakefit;0.7;500;Yes;summer;plains;0.6
34;17;04.Лип;male;11000;04.Вер;SleepyCat;0.9;1500;Yes;winter;mountains;0.9
11;3;02.Чер;female;500;02.Вер;Duroflex;-0.1;800;Yes;summer;mountains;0.3
42;19;04.Вер;male;900;04.Сер;Pepperfry;0.9;1200;Yes;spring;plains;1.0
8;2;02.Бер;female;700;02.Чер;Godrej Interio;0.3;900;Yes;summer;mountains;0.6
15;6;03.Тра;male;8500;03.Сер;Urban Ladder;0.7;1100;Yes;winter;plains;0.8
30;10;04.Лют;female;2500;04.Лип;Khadi Essentials;0.9;1000;Yes;summer;coastal;0.9
37;16;04.Вер;male;5500;04.Сер;Forest Essentials;0.9;900;Yes;summer;plains;1.0
3;1;01.Чер;male;800;02.Січ;Kama Ayurveda;-0.9;500;No;summer;coastal;0.1
19;8;03.Вер;female;14000;4.0;Sugar Cosmetics;0.4;600;Yes;winter;plains;0.3
9;2;02.Лют;male;800;02.Тра;Lakme Ayurveda;-0.7;1000;Yes;summer;mountains;0.3
43;21;04.Вер;female;9500;04.Сер;Biovea;0.9;900;Yes;spring;coastal;1.0
8;0;01.Вер;male;1100;02.Бер;Patanjali Ayurved (Health Care);-0.9;400;No;summer;plains;0.1
23;6;03.Сер;female;6500;4.0;Dabur Chyawanprash;0.7;1200;Yes;summer;coastal;0.8
27;11;04.Вер;female;1000;04.Вер;AmazonBasics;0.9;1000;Yes;winter;plains;0.9
47;16;04.Сер;male;3100;04.Лип;Flying Machine;0.8;800;Yes;summer;coastal;0.9
11;3;03.Кві;male;8500;03.Чер;Max;0.5;900;Yes;summer;mountains;0.6
18;5;4.0;female;9500;04.Кві;Lee;0.9;600;Yes;winter;coastal;0.9
33;13;04.Сер;male;14000;04.Вер;Spyker;0.9;1500;Yes;spring;mountains;1.0
10;0;2.0;female;1000;02.Лют;Fastrack;-0.8;600;No;summer;plains;0.0
24;9;04.Лип;male;1600;04.Кві;Wildcraft;0.8;800;Yes;summer;plains;0.8
36;14;04.Вер;male;1100;5.0;Head Hunters;0.9;700;Yes;monsoon;plains;1.0
7;1;1.0;female;4000;01.Бер;PUMA;-1.0;500;No;summer;coastal;0.0
18;8;4.0;male;6500;04.Лют;HRX;0.6;1200;Yes;summer;mountains;0.7
8;5;02.Тра;female;7500;02.Вер;Mothercare;0.2;700;Yes;winter;coastal;0.4
22;10;04.Бер;female;1200;04.Сер;Johnson & Johnson;0.8;1000;Yes;summer;plains;0.9
27;12;04.Бер;male;1700;04.Вер;The Moms Co.;0.6;800;Yes;winter;plains;0.7
18;6;03.Лип;female;7500;03.Вер;Wakefit;0.7;600;Yes;summer;plains;0.6
36;18;04.Сер;male;12000;04.Вер;SleepyCat;0.9;1600;Yes;winter;mountains;0.9
12;2;02.Тра;female;700;02.Сер;Duroflex;-0.1;900;Yes;summer;mountains;0.3
46;20;04.Вер;male;950;04.Сер;Pepperfry;0.9;1300;Yes;spring;plains;1.0
10;1;01.Вер;female;800;02.Лют;Godrej Interio;0.3;1000;Yes;summer;mountains;0.6
17;7;03.Сер;male;9500;4.0;Urban Ladder;0.7;1200;Yes;winter;plains;0.8
32;11;4.0;female;2800;04.Тра;Khadi Essentials;0.9;1100;Yes;summer;coastal;0.9
39;17;04.Вер;male;6000;04.Сер;Forest Essentials;0.9;1000;Yes;summer;plains;1.0
4;2;01.Бер;male;900;01.Сер;Kama Ayurveda;-1.0;600;No;summer;coastal;0.1
20;9;4.0;female;16000;04.Січ;Sugar Cosmetics;0.5;700;Yes;winter;plains;0.3
10;3;2.0;male;900;02.Кві;Lakme Ayurveda;-0.8;1200;Yes;summer;mountains;0.3
45;22;04.Вер;female;9800;04.Сер;Biovea;0.9;1100;Yes;spring;coastal;1.0
9;1;01.Сер;male;1300;02.Січ;Patanjali Ayurved (Health Care);-0.9;500;No;summer;plains;0.1
25;7;4.0;female;7500;04.Лют;Dabur Chyawanprash;0.7;1400;Yes;summer;coastal;0.8
28;12;04.Вер;female;1100;04.Вер;AmazonBasics;0.9;1100;Yes;winter;plains;0.9
50;17;04.Вер;male;3300;04.Сер;Flying Machine;0.8;900;Yes;summer;coastal;0.9
12;4;03.Чер;male;9000;03.Сер;Max;0.5;1000;Yes;summer;mountains;0.6
20;6;4.0;female;10000;04.Тра;Lee;0.9;700;Yes;winter;coastal;0.9
35;14;04.Сер;male;14500;04.Вер;Spyker;0.9;1600;Yes;spring;mountains;1.0
11;0;01.Сер;female;1200;2.0;Fastrack;-0.9;700;No;summer;plains;0.0
25;10;04.Сер;male;1700;04.Тра;Wildcraft;0.8;900;Yes;summer;plains;0.8
37;15;04.Вер;male;1200;5.0;Head Hunters;0.9;800;Yes;monsoon;plains;1.0
8;2;01.Сер;female;4500;02.Січ;PUMA;-1.0;600;No;summer;coastal;0.0
20;9;03.Вер;male;7500;04.Бер;HRX;0.7;1300;Yes;summer;mountains;0.7
9;6;02.Сер;female;8500;3.0;Mothercare;0.2;800;Yes;winter;coastal;0.4
23;11;04.Кві;female;1300;04.Сер;Johnson & Johnson;0.8;1200;Yes;summer;plains;0.9
28;13;04.Кві;male;1800;04.Вер;The Moms Co.;0.6;900;Yes;winter;plains;0.7
20;7;03.Чер;female;8000;03.Вер;Wakefit;0.7;700;Yes;summer;plains;0.6
38;19;04.Вер;male;13000;5.0;SleepyCat;0.9;1700;Yes;winter;mountains;0.9
13;3;02.Бер;female;600;02.Чер;Duroflex;-0.1;1000;Yes;summer;mountains;0.3
50;21;04.Вер;male;1000;04.Вер;Pepperfry;0.9;1400;Yes;spring;plains;1.0
12;2;01.Лип;female;900;2.0;Godrej Interio;0.3;1100;Yes;summer;mountains;0.6
22;8;04.Січ;female;11000;04.Чер;Urban Ladder;0.7;1400;Yes;winter;plains;0.8
34;12;04.Січ;male;3000;04.Чер;Khadi Essentials;0.9;1200;Yes;summer;coastal;0.9
41;18;04.Вер;male;7000;04.Вер;Forest Essentials;0.9;1100;Yes;summer;plains;1.0
6;3;1.0;male;1000;01.Тра;Kama Ayurveda;-1.0;700;No;summer;coastal;0.1
21;10;03.Вер;female;18000;04.Січ;Sugar Cosmetics;0.5;800;Yes;winter;plains;0.3
11;4;01.Лип;male;1000;2.0;Lakme Ayurveda;-0.9;1300;Yes;summer;mountains;0.3
48;23;04.Вер;female;10000;04.Вер;Biovea;0.9;1200;Yes;spring;coastal;1.0
10;2;01.Лип;male;1500;2.0;Patanjali Ayurved (Health Care);-0.9;600;No;summer;plains;0.1
27;8;4.0;female;9500;04.Бер;Dabur Chyawanprash;0.7;1500;Yes;summer;coastal;0.8
30;14;04.Вер;female;1200;04.Вер;AmazonBasics;0.9;1200;Yes;winter;plains;0.9
53;18;04.Вер;male;3500;04.Вер;Flying Machine;0.9;1000;Yes;summer;coastal;0.9
13;5;3.0;male;9500;03.Тра;Max;0.5;1100;Yes;summer;mountains;0.6
22;7;4.0;female;10500;04.Чер;Lee;0.9;800;Yes;winter;coastal;0.9
37;15;04.Вер;male;15000;5.0;Spyker;0.9;1700;Yes;spring;mountains;1.0
12;1;01.Тра;female;1400;01.Лип;Fastrack;-0.9;800;No;summer;plains;0.0
26;11;04.Вер;male;1800;04.Чер;Wildcraft;0.8;1000;Yes;summer;plains;0.8
39;16;04.Вер;male;1300;5.0;Head Hunters;0.9;900;Yes;monsoon;plains;1.0
10;3;01.Тра;female;5000;2.0;PUMA;-1.0;700;No;summer;coastal;0.0
22;10;4.0;male;8500;04.Кві;HRX;0.7;1400;Yes;summer;mountains;0.7
10;7;02.Лют;female;9000;02.Тра;Mothercare;0.2;900;Yes;winter;coastal;0.4
25;12;04.Тра;female;1400;5.0;Johnson & Johnson;0.8;1300;Yes;summer;plains;0.9
29;14;04.Тра;male;1900;04.Вер;The Moms Co.;0.7;1000;Yes;winter;plains;0.7
22;8;03.Тра;female;8500;03.Вер;Wakefit;0.7;800;Yes;summer;plains;0.6
40;20;04.Вер;male;13500;5.0;SleepyCat;0.9;1800;Yes;winter;mountains;0.9
15;4;01.Сер;female;700;02.Січ;Duroflex;-0.1;1100;Yes;summer;mountains;0.3
55;22;04.Вер;male;1100;04.Вер;Pepperfry;0.9;1500;Yes;spring;plains;1.0
14;3;01.Тра;female;950;2.0;Godrej Interio;0.3;1200;Yes;summer;mountains;0.6
24;9;4.0;female;13000;04.Лип;Urban Ladder;0.7;1600;Yes;winter;plains;0.8
36;13;4.0;male;3200;04.Лип;Khadi Essentials;0.9;1300;Yes;summer;coastal;0.9
43;19;04.Вер;male;7500;04.Вер;Forest Essentials;0.9;1200;Yes;summer;plains;1.0
7;4;1.0;male;1100;01.Чер;Kama Ayurveda;-1.0;800;No;summer;coastal;0.1
23;12;4.0;female;19000;04.Січ;Sugar Cosmetics;0.6;900;Yes;winter;plains;0.3
12;5;01.Тра;male;1100;2.0;Lakme Ayurveda;-0.9;1400;Yes;summer;mountains;0.3
50;24;04.Вер;female;10500;04.Вер;Biovea;0.9;1300;Yes;spring;coastal;1.0
11;3;01.Тра;male;1600;2.0;Patanjali Ayurved (Health Care);-0.9;700;No;summer;plains;0.1
29;10;4.0;female;9500;04.Кві;Dabur Chyawanprash;0.7;1800;Yes;summer;coastal;0.8
30;5;04.Лют;male;1000;04.Тра;Flying Machine;0.7;2500;No;winter;plains;0.8
10;2;03.Вер;female;200;03.Сер;Sugar Cosmetics;-0.2;100;No;summer;mountains;0.3
15;8;04.Сер;male;5000;04.Лип;Khadi Essentials;0.9;600;No;winter;plains;0.9
5;0;04.Тра;male;100;04.Лют;Dettol;0.5;200;No;monsoon;coastal;0.6
40;15;04.Чер;female;8000;04.Вер;Lakme Ayurveda;0.8;900;Yes;winter;mountains;0.95
20;3;03.Лют;male;1500;03.Кві;Manyavar Mohey;-0.1;170;No;spring;plains;0.4
8;1;02.Тра;male;2000;02.Бер;Lee;-0.5;400;No;summer;plains;0.1
12;6;4.0;female;700;4.0;Wildcraft;0.3;750;No;monsoon;mountains;0.7
35;18;04.Вер;male;6000;04.Сер;Pepe Jeans London;0.7;700;No;winter;plains;0.85
45;12;04.Лип;female;3000;04.Чер;PUMA;0.6;300;Yes;summer;mountains;0.9
25;5;03.Сер;female;400;03.Лип;Allen Solly Woman;-0.3;500;Yes;monsoon;plains;0.3
3;0;04.Бер;female;900;04.Кві;Head Hunters;0.2;1000;No;winter;mountains;0.5
18;10;04.Чер;male;3500;04.Лип;Levis Strauss & Co.;0.4;800;No;summer;coastal;0.8
7;2;03.Лип;male;4500;03.Тра;Himalaya Liv.52;-0.4;300;No;spring;plains;0.2
22;7;04.Тра;female;5500;04.Бер;Urban Ladder;0.1;1000;No;winter;mountains;0.75
50;20;04.Тра;male;9500;04.Лип;Wakefit;0.9;900;No;winter;mountains;1
13;4;03.Кві;male;750;03.Бер;Wild Stone;0;600;No;summer;coastal;0.4
6;0;3.0;female;300;02.Сер;Whisper;-0.6;200;No;monsoon;plains;0.05
28;9;04.Січ;female;2500;4.0;Fastrack;0.5;800;No;winter;mountains;0.6
16;3;04.Сер;male;4000;04.Вер;Max;0.8;500;No;spring;plains;0.8
9;2;03.Бер;male;550;03.Січ;Libram;-0.1;300;Yes;winter;mountains;0.1
33;14;04.Кві;female;8500;04.Чер;Patanjali Ayurved (Health Care);0.6;700;No;summer;plains;0.85
11;1;4.0;female;600;03.Вер;Dettol;0.1;800;No;monsoon;mountains;0.55
2;0;02.Тра;male;150;02.Кві;Streax;-0.7;100;No;spring;coastal;0.02
18;6;03.Сер;male;4500;03.Чер;Patanjali Ayurved (Health Care);0.2;1000;No;summer;plains;0.7
5;1;04.Лют;female;3000;04.Бер;Moov;0.4;700;No;winter;mountains;0.6
23;7;04.Чер;male;7000;04.Лип;Levis Strauss & Co.;0.8;800;No;summer;plains;0.9
7;0;03.Тра;male;150;03.Кві;Streax;-0.3;100;No;monsoon;coastal;0.1
12;3;03.Вер;female;800;03.Лип;Lakme Ayurveda;0.1;600;No;spring;plains;0.4
30;12;04.Тра;male;9500;04.Сер;Kama Ayurveda;0.9;1000;No;winter;mountains;0.95
40;18;04.Лип;female;5500;04.Чер;Max;0.7;700;No;summer;plains;0.85
8;2;3.0;male;250;02.Сер;Pepe Jeans London;-0.5;400;No;summer;coastal;0.15
15;5;03.Чер;female;4000;03.Тра;Manyavar Mohey;0.2;500;Yes;winter;mountains;0.3
25;10;04.Бер;male;8500;04.Тра;Dettol;0.5;600;No;monsoon;plains;0.8
35;15;04.Вер;male;6000;04.Сер;Khadi Essentials;0.8;700;Yes;summer;mountains;0.9
9;2;02.Тра;female;1500;02.Бер;Libram;-0.8;300;No;spring;plains;0.05
20;4;4.0;female;650;03.Вер;Wakefit;0.1;800;No;summer;mountains;0.5
13;3;04.Чер;male;5000;04.Лип;Forest Essentials;0.6;750;No;winter;plains;0.8
6;1;03.Бер;female;200;03.Лют;Johnson & Johnson;-0.1;200;No;spring;coastal;0.2
32;11;04.Сер;male;7500;04.Вер;Lee;0.9;900;No;winter;mountains;0.95
10;0;03.Лип;female;250;03.Тра;Lijoba;-0.4;100;No;monsoon;plains;0.05
28;8;04.Січ;male;3000;4.0;Pepperfry;0.3;800;No;winter;plains;0.6
4;0;02.Сер;male;100;02.Чер;Whisper;-0.7;100;No;summer;coastal;0.05
17;4;04.Лют;female;4500;04.Кві;Dettol;0.7;500;No;spring;mountains;0.7
21;9;04.Тра;female;8500;04.Чер;AmazonBasics;0.6;600;No;winter;plains;0.85
37;14;04.Вер;male;7000;04.Сер;Pepe Jeans London;0.9;700;Yes;summer;mountains;0.9
14;5;03.Вер;female;500;03.Сер;Flying Machine;0;700;No;monsoon;coastal;0.3
19;7;04.Бер;male;5500;04.Кві;Patanjali Ayurved (Health Care);0.7;700;No;summer;mountains;0.8
6;1;03.Тра;female;2000;03.Кві;Johnson & Johnson;-0.2;200;No;spring;plains;0.2
31;13;04.Лип;male;8000;04.Чер;Flying Machine;0.8;800;No;winter;plains;0.9
8;3;03.Лют;male;300;03.Січ;Streax;-0.4;100;No;summer;coastal;0.1
14;4;4.0;female;700;04.Січ;Manyavar Mohey;0.2;600;No;monsoon;plains;0.5
24;11;04.Чер;male;9000;04.Лип;Kama Ayurveda;0.9;1000;No;winter;mountains;0.95
41;17;04.Сер;female;5000;04.Вер;Lee;0.9;700;No;summer;plains;0.95
9;2;02.Сер;male;200;02.Чер;Head Hunters;-0.6;100;No;spring;coastal;0.05
16;6;03.Сер;female;4500;03.Вер;Moov;0.3;500;No;winter;mountains;0.7
26;9;04.Кві;male;7500;04.Тра;Max;0.6;600;No;summer;plains;0.8
36;14;04.Вер;male;6500;04.Сер;Patanjali Ayurved (Health Care);0.9;700;Yes;winter;mountains;0.95
11;1;3.0;female;300;02.Вер;Streax;-0.5;200;No;spring;coastal;0.05
19;5;04.Січ;female;6000;04.Лют;Flying Machine;0.4;700;No;monsoon;plains;0.6
33;12;04.Лип;male;8500;04.Чер;Khadi Essentials;0.8;800;No;summer;mountains;0.9
7;1;03.Бер;female;250;03.Січ;Johnson & Johnson;-0.3;100;No;summer;coastal;0.1
22;8;04.Тра;male;7000;04.Кві;Levis Strauss & Co.;0.7;800;No;winter;plains;0.85
12;0;03.Лют;female;400;3.0;Stayfree;-0.2;200;No;monsoon;coastal;0.05
29;10;04.Тра;female;8000;04.Лип;Kama Ayurveda;0.8;900;No;winter;mountains;0.9
39;16;04.Вер;male;5500;04.Сер;Lee;0.9;700;Yes;summer;plains;0.95
10;3;03.Тра;male;350;03.Кві;Wildcraft;-0.1;300;No;spring;plains;0.3
20;6;4.0;female;5000;04.Січ;Flying Machine;0.5;600;No;monsoon;plains;0.7
34;13;04.Сер;male;8000;04.Вер;Khadi Essentials;0.9;800;No;summer;mountains;0.95
8;1;03.Січ;female;300;3.0;Johnson & Johnson;-0.4;200;No;spring;coastal;0.05
17;7;04.Кві;male;7000;04.Чер;Pepe Jeans London;0.7;800;No;winter;plains;0.85
13;0;3.0;female;450;02.Сер;Stayfree;-0.3;200;No;monsoon;coastal;0.05
23;8;04.Чер;male;7000;04.Тра;Kama Ayurveda;0.7;800;No;summer;mountains;0.85
9;2;03.Лют;female;350;03.Січ;Stayfree;-0.2;200;No;spring;coastal;0.05
32;14;04.Сер;male;8500;04.Вер;Khadi Essentials;0.9;800;No;summer;mountains;0.95
10;1;03.Тра;male;400;03.Кві;Wildcraft;-0.1;300;No;spring;plains;0.3
21;7;04.Лют;female;5000;04.Бер;Lakme Ayurveda;0.4;600;No;monsoon;plains;0.6
35;12;04.Чер;male;9000;04.Лип;Levis Strauss & Co.;0.8;900;No;winter;plains;0.9
42;18;04.Вер;female;5500;04.Сер;PUMA;0.9;700;Yes;summer;plains;0.95
11;2;03.Січ;male;400;3.0;Stayfree;-0.3;200;No;spring;coastal;0.05
18;6;4.0;female;5500;04.Січ;Lakme Ayurveda;0.5;600;No;monsoon;plains;0.7
24;9;04.Тра;male;7500;04.Кві;Max;0.6;700;No;summer;plains;0.8
37;15;04.Вер;male;6500;04.Сер;Lee;0.9;800;No;winter;plains;0.95
12;1;3.0;female;350;02.Вер;Stayfree;-0.4;200;No;spring;coastal;0.05
22;8;04.Бер;female;6000;04.Кві;Lakme Ayurveda;0.7;600;No;monsoon;plains;0.8
36;13;04.Лип;male;8500;04.Чер;Khadi Essentials;0.8;800;No;summer;mountains;0.9
8;2;3.0;male;300;02.Сер;Head Hunters;-0.5;100;No;spring;coastal;0.05
15;5;03.Сер;female;5000;03.Вер;Lakme Ayurveda;0.3;500;No;winter;plains;0.7
29;11;04.Тра;male;8000;04.Чер;Levis Strauss & Co.;0.8;900;No;summer;plains;0.9
41;17;04.Вер;female;5500;04.Сер;PUMA;0.9;700;Yes;summer;plains;0.95
10;2;03.Бер;male;400;03.Лют;Wildcraft;-0.2;300;No;spring;plains;0.3
19;7;04.Січ;female;5500;04.Лют;Lakme Ayurveda;0.5;600;No;monsoon;plains;0.6
33;14;04.Лип;male;8500;04.Чер;Khadi Essentials;0.8;800;No;summer;mountains;0.9
7;1;03.Лют;female;300;03.Січ;Johnson & Johnson;-0.4;200;No;summer;coastal;0.05
16;6;03.Вер;female;4500;4.0;Lakme Ayurveda;0.2;500;No;winter;plains;0.7
30;12;04.Чер;male;9000;04.Лип;Levis Strauss & Co.;0.8;900;No;summer;plains;0.9
43;19;5.0;female;6000;04.Вер;Lee;0.9;800;Yes;summer;plains;0.95
11;3;03.Кві;male;450;03.Бер;Wildcraft;-0.1;400;No;spring;plains;0.4
20;8;04.Лют;female;5500;04.Бер;Lakme Ayurveda;0.6;600;No;monsoon;plains;0.8
34;15;04.Сер;male;8500;04.Лип;Khadi Essentials;0.8;800;No;summer;mountains;0.9
9;1;3.0;female;300;02.Вер;Stayfree;-0.3;200;No;spring;coastal;0.05
17;7;4.0;female;5000;04.Січ;Lakme Ayurveda;0.4;500;No;winter;plains;0.7
31;13;04.Лип;male;8000;04.Сер;Levis Strauss & Co.;0.8;900;No;summer;plains;0.9
44;20;5.0;female;5500;04.Вер;PUMA;0.9;700;Yes;summer;plains;0.95
12;2;03.Січ;male;450;3.0;Wildcraft;-0.2;300;No;spring;plains;0.3
21;8;04.Бер;female;5500;04.Кві;Lakme Ayurveda;0.7;600;No;monsoon;plains;0.8
35;14;04.Лип;male;8500;04.Чер;Khadi Essentials;0.8;800;No;summer;mountains;0.9
10;3;03.Лют;female;400;03.Січ;Stayfree;-0.1;200;No;spring;coastal;0.05
18;7;03.Вер;female;5000;4.0;Lakme Ayurveda;0.3;500;No;winter;plains;0.7
32;12;04.Чер;male;8000;04.Лип;Levis Strauss & Co.;0.8;900;No;summer;plains;0.9
45;21;5.0;female;6000;04.Вер;Lee;0.9;800;Yes;summer;plains;0.95
11;4;03.Бер;male;500;03.Лют;Wildcraft;0;400;No;spring;plains;0.4
22;9;04.Кві;female;5500;04.Тра;Lakme Ayurveda;0.6;600;No;monsoon;plains;0.8
36;15;04.Сер;male;8500;04.Лип;Khadi Essentials;0.8;800;No;summer;mountains;0.9
13;1;03.Січ;female;450;3.0;Stayfree;-0.2;300;No;spring;coastal;0.05
19;8;04.Лют;female;5500;04.Бер;Lakme Ayurveda;0.5;600;No;monsoon;plains;0.7
33;15;04.Лип;male;8500;04.Чер;Khadi Essentials;0.8;800;No;summer;mountains;0.9
14;0;3.0;female;500;02.Сер;Stayfree;-0.3;200;No;monsoon;coastal;0.05
23;9;04.Тра;male;7000;04.Чер;Kama Ayurveda;0.7;800;No;summer;mountains;0.9
11;5;03.Кві;male;550;03.Бер;Wildcraft;-0.1;400;No;spring;plains;0.4
34;16;04.Сер;male;8500;04.Лип;Khadi Essentials;0.8;800;No;summer;mountains;0.9
12;3;03.Лют;female;400;03.Січ;Stayfree;-0.2;300;No;spring;coastal;0.05
20;9;04.Бер;female;5500;04.Кві;Lakme Ayurveda;0.6;600;No;monsoon;plains;0.8
37;16;04.Вер;male;6500;04.Сер;Lee;0.9;800;No;winter;plains;0.95
13;2;03.Січ;female;450;3.0;Stayfree;-0.2;300;No;spring;coastal;0.05
24;10;04.Кві;female;6000;04.Тра;Lakme Ayurveda;0.6;600;No;monsoon;plains;0.8
38;17;04.Вер;male;5500;04.Сер;PUMA;0.9;700;Yes;summer;plains;0.95
14;1;3.0;female;500;02.Вер;Stayfree;-0.3;200;No;monsoon;coastal;0.05
25;11;04.Тра;female;8000;04.Чер;Levis Strauss & Co.;0.8;900;No;summer;plains;0.9
39;18;04.Вер;male;5500;04.Сер;Lee;0.9;800;No;winter;plains;0.95
15;0;3.0;female;500;02.Сер;Stayfree;-0.4;200;No;monsoon;coastal;0.05
26;12;04.Чер;female;8500;04.Лип;Khadi Essentials;0.8;800;No;summer;mountains;0.9
40;19;5.0;female;5500;04.Вер;PUMA;0.9;700;Yes;summer;plains;0.95
16;1;03.Січ;male;450;3.0;Wildcraft;-0.2;300;No;spring;plains;0.4
27;13;04.Лип;male;8000;04.Сер;Levis Strauss & Co.;0.8;900;No;summer;plains;0.9
41;20;5.0;female;6000;04.Вер;Lee;0.9;800;Yes;summer;plains;0.95
17;2;03.Лют;male;500;03.Січ;Wildcraft;-0.1;400;No;spring;plains;0.4
28;14;04.Сер;male;8500;04.Лип;Khadi Essentials;0.8;800;No;summer;mountains;0.9
42;21;5.0;female;5500;04.Вер;PUMA;0.9;700;Yes;summer;plains;0.95
18;3;03.Бер;male;550;03.Лют;Wildcraft;0;400;No;spring;plains;0.4
29;15;04.Вер;male;6500;04.Сер;Lee;0.9;800;No;winter;plains;0.95
43;22;5.0;female;6000;04.Вер;Lee;0.9;800;Yes;summer;plains;0.95
19;4;03.Кві;male;600;03.Бер;Wildcraft;0.1;400;No;spring;plains;0.4
30;16;04.Вер;male;7000;04.Сер;Lee;0.9;800;No;summer;plains;0.95
44;23;5.0;female;5500;04.Вер;PUMA;0.9;700;Yes;summer;plains;0.95
20;5;03.Тра;male;650;03.Кві;Wildcraft;0.2;400;No;spring;plains;0.4
31;17;5.0;male;7500;04.Вер;Lee;0.9;800;No;summer;plains;0.95
32;8;04.Бер;male;300;04.Чер;Head Hunters;0.78;430;No;summer;plains;0.85
17;5;03.Сер;female;2000;03.Вер;Manyavar Mohey;0.32;600;Yes;winter;mountains;0.45
6;2;04.Тра;female;500;04.Лют;Wildcraft;-0.1;700;No;monsoon;coastal;0.62
41;12;04.Вер;male;800;04.Сер;Pepperfry;0.92;900;No;winter;plains;0.91
23;6;04.Січ;female;3000;03.Лип;U.S. Polo Assn. Women;0.6;700;Yes;summer;mountains;0.55
8;3;4.0;female;200;4.0;Libram;-0.05;800;No;monsoon;plains;0.33
47;15;04.Лип;male;1000;04.Вер;Khadi Essentials;0.85;500;Yes;winter;coastal;0.72
12;4;03.Тра;female;1000;03.Лют;Johnson & Johnson;-0.8;400;No;spring;plains;0.15
38;11;04.Чер;male;4000;04.Лип;Dettol;0.75;1000;No;winter;mountains;0.82
5;1;02.Вер;female;100;03.Тра;Allen Solly Woman;-0.6;300;No;summer;coastal;0.07
29;9;04.Кві;male;700;04.Тра;Lee;0.5;600;No;winter;mountains;0.68
11;3;03.Лип;male;300;03.Сер;Lakme Ayurveda;0.1;200;Yes;spring;plains;0.42
44;18;04.Сер;male;6000;04.Вер;Lee Cooper;0.88;700;Yes;winter;coastal;0.89
9;2;3.0;female;1000;03.Січ;Baidyanath;-0.3;900;Yes;spring;plains;0.25
36;10;04.Лют;male;2000;04.Бер;PUMA;0.65;2000;Yes;summer;plains;0.78
20;7;4.0;female;7000;04.Кві;Pepe Jeans London;0.55;10000;No;winter;plains;0.95
3;0;02.Тра;male;100;2.0;Lijoba;-0.9;100;Yes;summer;mountains;0.01
27;8;04.Лип;female;900;04.Чер;Manyavar Mohey;0.72;900;No;winter;mountains;0.88
14;5;03.Чер;female;400;03.Чер;Flying Machine;0.2;700;No;summer;plains;0.48
49;19;04.Вер;male;5000;04.Сер;Patanjali Ayurved (Health Care);0.82;1000;Yes;winter;plains;0.85
21;6;04.Бер;male;600;4.0;Wildcraft;0.3;300;No;spring;plains;0.58
33;10;04.Тра;female;2500;04.Лип;Kama Ayurveda;0.68;3000;Yes;summer;plains;0.83
7;2;03.Лют;male;100;3.0;Streax;-0.5;100;Yes;summer;coastal;0.04
40;13;04.Сер;female;1500;04.Лип;SleepyCat;0.8;800;Yes;winter;coastal;0.74
16;4;03.Вер;male;800;03.Тра;The Moms Co.;0.15;800;Yes;spring;mountains;0.36
25;7;03.Тра;female;100;03.Чер;Lee Cooper;-0.4;600;No;summer;coastal;0.11
48;16;04.Чер;male;3000;04.Лип;PUMA;0.78;500;Yes;summer;plains;0.87
8;3;3.0;female;300;03.Лют;Manyavar Mohey;-0.2;500;No;spring;plains;0.22
36;12;04.Вер;male;7000;04.Сер;Flying Machine;0.86;800;Yes;winter;plains;0.93
19;5;03.Бер;female;200;03.Кві;Johnson & Johnson;-0.6;100;No;summer;mountains;0.12
29;9;04.Лип;female;900;04.Тра;Pepe Jeans London;0.62;700;Yes;winter;plains;0.75
12;4;02.Сер;female;1000;3.0;U.S. Polo Assn. Women;-0.3;200;Yes;monsoon;coastal;0.09
45;14;04.Лип;male;2500;04.Вер;Sugar Cosmetics;0.92;600;No;summer;plains;0.89
6;2;02.Тра;female;500;02.Чер;Dove Hair;-0.7;400;Yes;monsoon;mountains;0.05
31;11;04.Кві;male;600;04.Бер;Pepperfry;0.7;400;No;summer;coastal;0.77
14;3;03.Лют;female;150;3.0;Lijoba;-0.5;100;Yes;summer;plains;0.18
39;10;04.Бер;male;4000;04.Тра;Libram;0.58;2000;No;summer;mountains;0.65
22;8;04.Січ;male;800;04.Лют;Wildcraft;0.45;800;No;summer;mountains;0.59
4;1;2.0;female;1000;02.Січ;Streax;-0.8;200;Yes;winter;mountains;0.02
47;15;04.Сер;female;2000;04.Лип;Head Hunters;0.8;1000;Yes;winter;mountains;0.81
11;3;3.0;male;100;03.Січ;SleepyCat;-0.1;900;No;monsoon;plains;0.31
37;13;04.Тра;male;700;04.Кві;Kama Ayurveda;0.75;500;No;summer;plains;0.82
17;6;03.Сер;female;3000;03.Лип;Lee Cooper;0.35;10000;No;spring;mountains;0.47
42;17;04.Вер;male;100;04.Сер;Manyavar Mohey;0.9;300;No;summer;plains;0.92
9;2;02.Сер;male;400;3.0;Patanjali Ayurved (Health Care);-0.4;600;Yes;spring;plains;0.28
35;12;04.Чер;female;6000;04.Сер;Pepe Jeans London;0.82;900;Yes;summer;coastal;0.86
24;8;03.Вер;female;1500;03.Тра;Wildcraft;0.25;300;No;winter;coastal;0.52
3;0;01.Тра;male;1000;01.Сер;Sugar Cosmetics;-0.9;200;Yes;monsoon;coastal;0.03
46;18;04.Лип;female;700;04.Вер;Khadi Essentials;0.88;400;No;winter;plains;0.79
16;5;03.Лип;male;200;03.Чер;Flying Machine;0.15;800;No;summer;mountains;0.39
28;10;04.Бер;male;900;04.Кві;Patanjali Ayurved (Health Care);0.72;400;Yes;summer;mountains;0.77
13;4;02.Лип;female;2000;3.0;Manyavar Mohey;-0.3;600;No;spring;plains;0.23
47;14;04.Сер;male;700;04.Вер;Wildcraft;0.85;500;Yes;winter;plains;0.84
6;2;02.Бер;male;100;02.Кві;Head Hunters;-0.7;300;Yes;summer;coastal;0.08
30;11;04.Тра;female;600;04.Чер;Kama Ayurveda;0.7;300;No;winter;mountains;0.74
14;5;3.0;male;5000;03.Тра;AmazonBasics;0.1;10000;No;spring;mountains;0.37
41;13;04.Лип;female;300;04.Чер;Flying Machine;0.8;500;Yes;winter;coastal;0.83
9;3;02.Тра;male;700;02.Чер;Flying Machine;-0.5;400;Yes;monsoon;plains;0.16
34;12;04.Чер;male;2000;04.Лип;Pepe Jeans London;0.68;800;Yes;summer;plains;0.71
18;7;03.Чер;female;800;03.Сер;Manyavar Mohey;0.3;1000;Yes;winter;plains;0.56
50;20;5.0;male;100;5.0;Dettol;0.95;900;No;summer;plains;0.97
11;4;03.Січ;female;400;03.Лют;Khadi Essentials;-0.1;600;Yes;monsoon;mountains;0.35
38;14;04.Вер;female;7000;04.Сер;Pepperfry;0.9;900;Yes;summer;coastal;0.88
23;9;04.Кві;male;3000;04.Тра;Flying Machine;0.55;800;No;winter;mountains;0.69
8;2;02.Лют;female;1000;02.Бер;Manyavar Mohey;-0.6;400;No;summer;coastal;0.14
35;11;04.Лип;male;600;04.Сер;Johnson & Johnson;0.78;600;Yes;summer;plains;0.76
15;6;03.Тра;female;200;03.Лип;Pepe Jeans London;0.2;700;No;winter;mountains;0.42
42;15;04.Сер;female;500;04.Вер;Wildcraft;0.88;700;No;summer;mountains;0.86
7;1;2.0;male;200;02.Січ;Kama Ayurveda;-0.8;200;Yes;summer;plains;0.05
31;13;04.Тра;female;4000;04.Чер;Libram;0.75;800;Yes;summer;coastal;0.78
20;8;03.Лип;male;1500;03.Сер;SleepyCat;0.4;1000;Yes;spring;plains;0.63
49;19;04.Вер;male;800;04.Лип;Patanjali Ayurved (Health Care);0.9;500;No;winter;plains;0.8
10;3;02.Вер;female;100;3.0;Manyavar Mohey;-0.2;400;No;monsoon;mountains;0.21
36;12;04.Чер;female;1500;04.Тра;Sugar Cosmetics;0.8;600;No;winter;mountains;0.79
24;7;03.Сер;male;5000;4.0;Lee Cooper;0.5;700;Yes;summer;coastal;0.68
45;16;04.Лип;male;700;04.Вер;Flying Machine;0.86;300;Yes;summer;mountains;0.9
16;5;03.Лют;female;200;03.Тра;Lijoba;0.15;100;Yes;spring;plains;0.32
29;10;04.Кві;male;300;04.Бер;Manyavar Mohey;0.72;500;Yes;summer;plains;0.72
43;14;04.Сер;female;6000;04.Вер;Pepperfry;0.92;800;No;winter;coastal;0.85
21;9;04.Січ;female;800;04.Бер;Patanjali Ayurved (Health Care);0.45;1000;Yes;summer;mountains;0.72
5;1;01.Сер;male;200;2.0;Kama Ayurveda;-0.9;300;Yes;spring;coastal;0.01
37;13;04.Лип;female;900;04.Чер;Johnson & Johnson;0.75;600;No;summer;plains;0.77
22;8;03.Вер;male;4000;04.Січ;SleepyCat;0.6;900;Yes;winter;mountains;0.76
40;15;04.Сер;female;700;04.Вер;Flying Machine;0.9;500;No;summer;mountains;0.82
12;4;3.0;male;5000;03.Лют;Head Hunters;0.1;600;No;summer;plains;0.41
